plate,well,name,sequence,normalization,quantity
1,A1,k3l_fwd_1-1_CTT-DTT,ACAAACAAAACGCGTCCATGDTTGCWTTYTGYTAYTCWTTRCCCAATGCGGGTGATGTAA,0,25 nmol
1,A2,k3l_fwd_1-2_CTT-CRT,ACAAACAAAACGCGTCCATGCRTGCWTTYTGYTAYTCWTTRCCCAATGCGGGTGATGTAA,0,25 nmol
1,A3,k3l_fwd_1-3_GCA-HCA,ACAAACAAAACGCGTCCATGTTRHCATTYTGYTAYTCWTTRCCCAATGCGGGTGATGTAA,0,25 nmol
1,A4,k3l_fwd_1-4_GCA-GWA,ACAAACAAAACGCGTCCATGTTRGWATTYTGYTAYTCWTTRCCCAATGCGGGTGATGTAA,0,25 nmol
1,A5,k3l_fwd_1-5_TTT-VTT,ACAAACAAAACGCGTCCATGTTRGCWVTTTGYTAYTCWTTRCCCAATGCGGGTGATGTAA,0,25 nmol
1,A6,k3l_fwd_1-6_TTT-TVT,ACAAACAAAACGCGTCCATGTTRGCWTVTTGYTAYTCWTTRCCCAATGCGGGTGATGTAA,0,25 nmol
1,A7,k3l_fwd_1-7_TTT-TTD,ACAAACAAAACGCGTCCATGTTRGCWTTDTGYTAYTCWTTRCCCAATGCGGGTGATGTAA,0,25 nmol
1,A8,k3l_fwd_1-8_TGT-VGT,ACAAACAAAACGCGTCCATGTTRGCWTTYVGTTAYTCWTTRCCCAATGCGGGTGATGTAA,0,25 nmol
1,A9,k3l_fwd_1-9_TGT-TMT,ACAAACAAAACGCGTCCATGTTRGCWTTYTMTTAYTCWTTRCCCAATGCGGGTGATGTAA,0,25 nmol
1,A10,k3l_fwd_1-10_TGT-TGW,ACAAACAAAACGCGTCCATGTTRGCWTTYTGWTAYTCWTTRCCCAATGCGGGTGATGTAA,0,25 nmol
1,A11,k3l_fwd_1-11_TAT-VAT,ACAAACAAAACGCGTCCATGTTRGCWTTYTGYVATTCWTTRCCCAATGCGGGTGATGTAA,0,25 nmol
1,A12,k3l_fwd_1-12_TAT-TST,ACAAACAAAACGCGTCCATGTTRGCWTTYTGYTSTTCWTTRCCCAATGCGGGTGATGTAA,0,25 nmol
1,B1,k3l_fwd_1-13_TAT-TAK,ACAAACAAAACGCGTCCATGTTRGCWTTYTGYTAKTCWTTRCCCAATGCGGGTGATGTAA,0,25 nmol
1,B2,k3l_fwd_1-14_TCG-VCG,ACAAACAAAACGCGTCCATGTTRGCWTTYTGYTAYVCGTTRCCCAATGCGGGTGATGTAA,0,25 nmol
1,B3,k3l_fwd_1-15_TCG-TRG,ACAAACAAAACGCGTCCATGTTRGCWTTYTGYTAYTRGTTRCCCAATGCGGGTGATGTAA,0,25 nmol
1,B4,k3l_fwd_1-16_TTG-DTG,ACAAACAAAACGCGTCCATGTTRGCWTTYTGYTAYTCWDTGCCCAATGCGGGTGATGTAA,0,25 nmol
1,B5,k3l_fwd_1-17_TTG-TVG,ACAAACAAAACGCGTCCATGTTRGCWTTYTGYTAYTCWTVGCCCAATGCGGGTGATGTAA,0,25 nmol
1,B6,k3l_fwd_1-18_TTG-TTS,ACAAACAAAACGCGTCCATGTTRGCWTTYTGYTAYTCWTTSCCCAATGCGGGTGATGTAA,0,25 nmol
1,B7,k3l_fwd_2-1_CCC-DCC,TTGCATTTTGTTATTCGTTGDCCAAYGCWGGWGAYGTWATAAAGGGCAGAGTATACGAGA,0,25 nmol
1,B8,k3l_fwd_2-2_CCC-CDC,TTGCATTTTGTTATTCGTTGCDCAAYGCWGGWGAYGTWATAAAGGGCAGAGTATACGAGA,0,25 nmol
1,B9,k3l_fwd_2-3_AAT-BAT,TTGCATTTTGTTATTCGTTGCCWBATGCWGGWGAYGTWATAAAGGGCAGAGTATACGAGA,0,25 nmol
1,B10,k3l_fwd_2-4_AAT-ABT,TTGCATTTTGTTATTCGTTGCCWABTGCWGGWGAYGTWATAAAGGGCAGAGTATACGAGA,0,25 nmol
1,B11,k3l_fwd_2-5_AAT-AAK,TTGCATTTTGTTATTCGTTGCCWAAKGCWGGWGAYGTWATAAAGGGCAGAGTATACGAGA,0,25 nmol
1,B12,k3l_fwd_2-6_GCG-HCG,TTGCATTTTGTTATTCGTTGCCWAAYHCGGGWGAYGTWATAAAGGGCAGAGTATACGAGA,0,25 nmol
1,C1,k3l_fwd_2-7_GCG-GWG,TTGCATTTTGTTATTCGTTGCCWAAYGWGGGWGAYGTWATAAAGGGCAGAGTATACGAGA,0,25 nmol
1,C2,k3l_fwd_2-8_GGT-HGT,TTGCATTTTGTTATTCGTTGCCWAAYGCWHGTGAYGTWATAAAGGGCAGAGTATACGAGA,0,25 nmol
1,C3,k3l_fwd_2-9_GGT-GHT,TTGCATTTTGTTATTCGTTGCCWAAYGCWGHTGAYGTWATAAAGGGCAGAGTATACGAGA,0,25 nmol
1,C4,k3l_fwd_2-10_GAT-HAT,TTGCATTTTGTTATTCGTTGCCWAAYGCWGGWHATGTWATAAAGGGCAGAGTATACGAGA,0,25 nmol
1,C5,k3l_fwd_2-11_GAT-GYT,TTGCATTTTGTTATTCGTTGCCWAAYGCWGGWGYTGTWATAAAGGGCAGAGTATACGAGA,0,25 nmol
1,C6,k3l_fwd_2-12_GTA-HTA,TTGCATTTTGTTATTCGTTGCCWAAYGCWGGWGAYHTAATAAAGGGCAGAGTATACGAGA,0,25 nmol
1,C7,k3l_fwd_2-13_GTA-GMA,TTGCATTTTGTTATTCGTTGCCWAAYGCWGGWGAYGMAATAAAGGGCAGAGTATACGAGA,0,25 nmol
1,C8,k3l_fwd_3-1_ATA-BTA,TGCCCAATGCGGGTGATGTABTAAARGGWAGRGTATACGAGAAGGATTATGCTCTATATA,0,25 nmol
1,C9,k3l_fwd_3-2_ATA-ASA,TGCCCAATGCGGGTGATGTAASAAARGGWAGRGTATACGAGAAGGATTATGCTCTATATA,0,25 nmol
1,C10,k3l_fwd_3-3_ATA-ATR,TGCCCAATGCGGGTGATGTAATRAARGGWAGRGTATACGAGAAGGATTATGCTCTATATA,0,25 nmol
1,C11,k3l_fwd_3-4_AAG-NAG,TGCCCAATGCGGGTGATGTAATWNAGGGWAGRGTATACGAGAAGGATTATGCTCTATATA,0,25 nmol
1,C12,k3l_fwd_3-5_AAG-ABG,TGCCCAATGCGGGTGATGTAATWABGGGWAGRGTATACGAGAAGGATTATGCTCTATATA,0,25 nmol
1,D1,k3l_fwd_3-6_AAG-AAY,TGCCCAATGCGGGTGATGTAATWAAYGGWAGRGTATACGAGAAGGATTATGCTCTATATA,0,25 nmol
1,D2,k3l_fwd_3-7_GGC-HGC,TGCCCAATGCGGGTGATGTAATWAARHGCAGRGTATACGAGAAGGATTATGCTCTATATA,0,25 nmol
1,D3,k3l_fwd_3-8_GGC-GHC,TGCCCAATGCGGGTGATGTAATWAARGHCAGRGTATACGAGAAGGATTATGCTCTATATA,0,25 nmol
1,D4,k3l_fwd_3-9_AGA-NGA,TGCCCAATGCGGGTGATGTAATWAARGGWNGAGTATACGAGAAGGATTATGCTCTATATA,0,25 nmol
1,D5,k3l_fwd_3-10_AGA-AYA,TGCCCAATGCGGGTGATGTAATWAARGGWAYAGTATACGAGAAGGATTATGCTCTATATA,0,25 nmol
1,D6,k3l_fwd_3-11_AGA-AGN,TGCCCAATGCGGGTGATGTAATWAARGGWAGNGTATACGAGAAGGATTATGCTCTATATA,0,25 nmol
1,D7,k3l_fwd_6-1_TAT-VAT,ACGAGAAGGATTATGCTCTAVATATWTAYTTRTTYGACTATCCTCACTTTGAAGCTATCT,0,25 nmol
1,D8,k3l_fwd_6-2_TAT-TST,ACGAGAAGGATTATGCTCTATSTATWTAYTTRTTYGACTATCCTCACTTTGAAGCTATCT,0,25 nmol
1,D9,k3l_fwd_6-3_TAT-TAK,ACGAGAAGGATTATGCTCTATAKATWTAYTTRTTYGACTATCCTCACTTTGAAGCTATCT,0,25 nmol
1,D10,k3l_fwd_6-4_ATT-BTT,ACGAGAAGGATTATGCTCTATAYBTTTAYTTRTTYGACTATCCTCACTTTGAAGCTATCT,0,25 nmol
1,D11,k3l_fwd_6-5_ATT-AST,ACGAGAAGGATTATGCTCTATAYASTTAYTTRTTYGACTATCCTCACTTTGAAGCTATCT,0,25 nmol
1,D12,k3l_fwd_6-6_ATT-ATK,ACGAGAAGGATTATGCTCTATAYATKTAYTTRTTYGACTATCCTCACTTTGAAGCTATCT,0,25 nmol
1,E1,k3l_fwd_6-7_TAT-VAT,ACGAGAAGGATTATGCTCTATAYATWVATTTRTTYGACTATCCTCACTTTGAAGCTATCT,0,25 nmol
1,E2,k3l_fwd_6-8_TAT-TST,ACGAGAAGGATTATGCTCTATAYATWTSTTTRTTYGACTATCCTCACTTTGAAGCTATCT,0,25 nmol
1,E3,k3l_fwd_6-9_TAT-TAK,ACGAGAAGGATTATGCTCTATAYATWTAKTTRTTYGACTATCCTCACTTTGAAGCTATCT,0,25 nmol
1,E4,k3l_fwd_6-10_CTT-DTT,ACGAGAAGGATTATGCTCTATAYATWTAYDTTTTYGACTATCCTCACTTTGAAGCTATCT,0,25 nmol
1,E5,k3l_fwd_6-11_CTT-CRT,ACGAGAAGGATTATGCTCTATAYATWTAYCRTTTYGACTATCCTCACTTTGAAGCTATCT,0,25 nmol
1,E6,k3l_fwd_6-12_TTT-VTT,ACGAGAAGGATTATGCTCTATAYATWTAYTTRVTTGACTATCCTCACTTTGAAGCTATCT,0,25 nmol
1,E7,k3l_fwd_6-13_TTT-TVT,ACGAGAAGGATTATGCTCTATAYATWTAYTTRTVTGACTATCCTCACTTTGAAGCTATCT,0,25 nmol
1,E8,k3l_fwd_6-14_TTT-TTD,ACGAGAAGGATTATGCTCTATAYATWTAYTTRTTDGACTATCCTCACTTTGAAGCTATCT,0,25 nmol
1,E9,k3l_fwd_7-1_GAC-HAC,CTCTATATATTTATCTTTTTHACTAYCCWCAYTTYGARGCTATCTTGGCAGAGAGTGTTA,0,25 nmol
1,E10,k3l_fwd_7-2_GAC-GYC,CTCTATATATTTATCTTTTTGYCTAYCCWCAYTTYGARGCTATCTTGGCAGAGAGTGTTA,0,25 nmol
1,E11,k3l_fwd_7-3_TAT-VAT,CTCTATATATTTATCTTTTTGAYVATCCWCAYTTYGARGCTATCTTGGCAGAGAGTGTTA,0,25 nmol
1,E12,k3l_fwd_7-4_TAT-TNT,CTCTATATATTTATCTTTTTGAYTNTCCWCAYTTYGARGCTATCTTGGCAGAGAGTGTTA,0,25 nmol
1,F1,k3l_fwd_7-5_TAT-TAK,CTCTATATATTTATCTTTTTGAYTAKCCWCAYTTYGARGCTATCTTGGCAGAGAGTGTTA,0,25 nmol
1,F2,k3l_fwd_7-6_CCT-DCT,CTCTATATATTTATCTTTTTGAYTAYDCTCAYTTYGARGCTATCTTGGCAGAGAGTGTTA,0,25 nmol
1,F3,k3l_fwd_7-7_CCT-CDT,CTCTATATATTTATCTTTTTGAYTAYCDTCAYTTYGARGCTATCTTGGCAGAGAGTGTTA,0,25 nmol
1,F4,k3l_fwd_7-8_CAC-DAC,CTCTATATATTTATCTTTTTGAYTAYCCWDACTTYGARGCTATCTTGGCAGAGAGTGTTA,0,25 nmol
1,F5,k3l_fwd_7-9_CAC-CKC,CTCTATATATTTATCTTTTTGAYTAYCCWCKCTTYGARGCTATCTTGGCAGAGAGTGTTA,0,25 nmol
1,F6,k3l_fwd_7-10_CAC-CAS,CTCTATATATTTATCTTTTTGAYTAYCCWCASTTYGARGCTATCTTGGCAGAGAGTGTTA,0,25 nmol
1,F7,k3l_fwd_7-11_TTT-VTT,CTCTATATATTTATCTTTTTGAYTAYCCWCAYVTTGARGCTATCTTGGCAGAGAGTGTTA,0,25 nmol
1,F8,k3l_fwd_7-12_TTT-TVT,CTCTATATATTTATCTTTTTGAYTAYCCWCAYTVTGARGCTATCTTGGCAGAGAGTGTTA,0,25 nmol
1,F9,k3l_fwd_7-13_TTT-TTD,CTCTATATATTTATCTTTTTGAYTAYCCWCAYTTDGARGCTATCTTGGCAGAGAGTGTTA,0,25 nmol
1,F10,k3l_fwd_7-14_GAA-HAA,CTCTATATATTTATCTTTTTGAYTAYCCWCAYTTYHAAGCTATCTTGGCAGAGAGTGTTA,0,25 nmol
1,F11,k3l_fwd_7-15_GAA-GYA,CTCTATATATTTATCTTTTTGAYTAYCCWCAYTTYGYAGCTATCTTGGCAGAGAGTGTTA,0,25 nmol
1,F12,k3l_fwd_7-16_GAA-GAY,CTCTATATATTTATCTTTTTGAYTAYCCWCAYTTYGAYGCTATCTTGGCAGAGAGTGTTA,0,25 nmol
1,G1,k3l_fwd_8-1_GCT-HCT,TTGACTATCCTCACTTTGAAHCTATWTTRGCWGARAGTGTTAAGATGCATATGGATAGAT,0,25 nmol
1,G2,k3l_fwd_8-2_GCT-GWT,TTGACTATCCTCACTTTGAAGWTATWTTRGCWGARAGTGTTAAGATGCATATGGATAGAT,0,25 nmol
1,G3,k3l_fwd_8-3_ATC-BTC,TTGACTATCCTCACTTTGAAGCWBTCTTRGCWGARAGTGTTAAGATGCATATGGATAGAT,0,25 nmol
1,G4,k3l_fwd_8-4_ATC-ASC,TTGACTATCCTCACTTTGAAGCWASCTTRGCWGARAGTGTTAAGATGCATATGGATAGAT,0,25 nmol
1,G5,k3l_fwd_8-5_ATC-ATG,TTGACTATCCTCACTTTGAAGCWATGTTRGCWGARAGTGTTAAGATGCATATGGATAGAT,0,25 nmol
1,G6,k3l_fwd_8-6_TTG-DTG,TTGACTATCCTCACTTTGAAGCWATWDTGGCWGARAGTGTTAAGATGCATATGGATAGAT,0,25 nmol
1,G7,k3l_fwd_8-7_TTG-TVG,TTGACTATCCTCACTTTGAAGCWATWTVGGCWGARAGTGTTAAGATGCATATGGATAGAT,0,25 nmol
1,G8,k3l_fwd_8-8_TTG-TTS,TTGACTATCCTCACTTTGAAGCWATWTTSGCWGARAGTGTTAAGATGCATATGGATAGAT,0,25 nmol
1,G9,k3l_fwd_8-9_GCA-HCA,TTGACTATCCTCACTTTGAAGCWATWTTRHCAGARAGTGTTAAGATGCATATGGATAGAT,0,25 nmol
1,G10,k3l_fwd_8-10_GCA-GWA,TTGACTATCCTCACTTTGAAGCWATWTTRGWAGARAGTGTTAAGATGCATATGGATAGAT,0,25 nmol
1,G11,k3l_fwd_8-11_GAG-HAG,TTGACTATCCTCACTTTGAAGCWATWTTRGCWHAGAGTGTTAAGATGCATATGGATAGAT,0,25 nmol
1,G12,k3l_fwd_8-12_GAG-GNG,TTGACTATCCTCACTTTGAAGCWATWTTRGCWGNGAGTGTTAAGATGCATATGGATAGAT,0,25 nmol
1,H1,k3l_fwd_8-13_GAG-GAY,TTGACTATCCTCACTTTGAAGCWATWTTRGCWGAYAGTGTTAAGATGCATATGGATAGAT,0,25 nmol
1,H2,k3l_fwd_10-1_CAT-DAT,TGGCAGAGAGTGTTAAGATGDATATGGAYAGRTAYGTTGAATATAGGGATAAACTGGTAG,0,25 nmol
1,H3,k3l_fwd_10-2_CAT-CKT,TGGCAGAGAGTGTTAAGATGCKTATGGAYAGRTAYGTTGAATATAGGGATAAACTGGTAG,0,25 nmol
1,H4,k3l_fwd_10-3_CAT-CAG,TGGCAGAGAGTGTTAAGATGCAGATGGAYAGRTAYGTTGAATATAGGGATAAACTGGTAG,0,25 nmol
1,H5,k3l_fwd_10-4_ATG-BTG,TGGCAGAGAGTGTTAAGATGCAYBTGGAYAGRTAYGTTGAATATAGGGATAAACTGGTAG,0,25 nmol
1,H6,k3l_fwd_10-5_ATG-ASG,TGGCAGAGAGTGTTAAGATGCAYASGGAYAGRTAYGTTGAATATAGGGATAAACTGGTAG,0,25 nmol
1,H7,k3l_fwd_10-6_ATG-ATC,TGGCAGAGAGTGTTAAGATGCAYATCGAYAGRTAYGTTGAATATAGGGATAAACTGGTAG,0,25 nmol
1,H8,k3l_fwd_10-7_GAT-HAT,TGGCAGAGAGTGTTAAGATGCAYATGHATAGRTAYGTTGAATATAGGGATAAACTGGTAG,0,25 nmol
1,H9,k3l_fwd_10-8_GAT-GYT,TGGCAGAGAGTGTTAAGATGCAYATGGYTAGRTAYGTTGAATATAGGGATAAACTGGTAG,0,25 nmol
1,H10,k3l_fwd_10-9_AGA-DGA,TGGCAGAGAGTGTTAAGATGCAYATGGAYDGATAYGTTGAATATAGGGATAAACTGGTAG,0,25 nmol
1,H11,k3l_fwd_10-10_AGA-AYA,TGGCAGAGAGTGTTAAGATGCAYATGGAYAYATAYGTTGAATATAGGGATAAACTGGTAG,0,25 nmol
1,H12,k3l_fwd_10-11_AGA-AGY,TGGCAGAGAGTGTTAAGATGCAYATGGAYAGYTAYGTTGAATATAGGGATAAACTGGTAG,0,25 nmol
2,A1,k3l_fwd_10-12_TAT-VAT,TGGCAGAGAGTGTTAAGATGCAYATGGAYAGRVATGTTGAATATAGGGATAAACTGGTAG,0,25 nmol
2,A2,k3l_fwd_10-13_TAT-TST,TGGCAGAGAGTGTTAAGATGCAYATGGAYAGRTSTGTTGAATATAGGGATAAACTGGTAG,0,25 nmol
2,A3,k3l_fwd_10-14_TAT-TAK,TGGCAGAGAGTGTTAAGATGCAYATGGAYAGRTAKGTTGAATATAGGGATAAACTGGTAG,0,25 nmol
2,A4,k3l_fwd_11-1_GTT-HTT,AGATGCATATGGATAGATATHTTGARTAYAGRGAYAARCTGGTAGGGAAAACTGTAAAAG,0,25 nmol
2,A5,k3l_fwd_11-2_GTT-GMT,AGATGCATATGGATAGATATGMTGARTAYAGRGAYAARCTGGTAGGGAAAACTGTAAAAG,0,25 nmol
2,A6,k3l_fwd_11-3_GAA-HAA,AGATGCATATGGATAGATATGTWHAATAYAGRGAYAARCTGGTAGGGAAAACTGTAAAAG,0,25 nmol
2,A7,k3l_fwd_11-4_GAA-GYA,AGATGCATATGGATAGATATGTWGYATAYAGRGAYAARCTGGTAGGGAAAACTGTAAAAG,0,25 nmol
2,A8,k3l_fwd_11-5_GAA-GAY,AGATGCATATGGATAGATATGTWGAYTAYAGRGAYAARCTGGTAGGGAAAACTGTAAAAG,0,25 nmol
2,A9,k3l_fwd_11-6_TAT-VAT,AGATGCATATGGATAGATATGTWGARVATAGRGAYAARCTGGTAGGGAAAACTGTAAAAG,0,25 nmol
2,A10,k3l_fwd_11-7_TAT-TST,AGATGCATATGGATAGATATGTWGARTSTAGRGAYAARCTGGTAGGGAAAACTGTAAAAG,0,25 nmol
2,A11,k3l_fwd_11-8_TAT-TAK,AGATGCATATGGATAGATATGTWGARTAKAGRGAYAARCTGGTAGGGAAAACTGTAAAAG,0,25 nmol
2,A12,k3l_fwd_11-9_AGG-DGG,AGATGCATATGGATAGATATGTWGARTAYDGGGAYAARCTGGTAGGGAAAACTGTAAAAG,0,25 nmol
2,B1,k3l_fwd_11-10_AGG-AYG,AGATGCATATGGATAGATATGTWGARTAYAYGGAYAARCTGGTAGGGAAAACTGTAAAAG,0,25 nmol
2,B2,k3l_fwd_11-11_AGG-AGY,AGATGCATATGGATAGATATGTWGARTAYAGYGAYAARCTGGTAGGGAAAACTGTAAAAG,0,25 nmol
2,B3,k3l_fwd_11-12_GAT-HAT,AGATGCATATGGATAGATATGTWGARTAYAGRHATAARCTGGTAGGGAAAACTGTAAAAG,0,25 nmol
2,B4,k3l_fwd_11-13_GAT-GYT,AGATGCATATGGATAGATATGTWGARTAYAGRGYTAARCTGGTAGGGAAAACTGTAAAAG,0,25 nmol
2,B5,k3l_fwd_11-14_AAA-BAA,AGATGCATATGGATAGATATGTWGARTAYAGRGAYBAACTGGTAGGGAAAACTGTAAAAG,0,25 nmol
2,B6,k3l_fwd_11-15_AAA-ABA,AGATGCATATGGATAGATATGTWGARTAYAGRGAYABACTGGTAGGGAAAACTGTAAAAG,0,25 nmol
2,B7,k3l_fwd_11-16_AAA-AAH,AGATGCATATGGATAGATATGTWGARTAYAGRGAYAAHCTGGTAGGGAAAACTGTAAAAG,0,25 nmol
2,B8,k3l_fwd_12-1_CTG-VTG,ATGTTGAATATAGGGATAAAVTGGTWGGWAARACTGTAAAAGTTAAAGTGATTAGAGTTG,0,25 nmol
2,B9,k3l_fwd_12-2_CTG-CRG,ATGTTGAATATAGGGATAAACRGGTWGGWAARACTGTAAAAGTTAAAGTGATTAGAGTTG,0,25 nmol
2,B10,k3l_fwd_12-3_GTA-NTA,ATGTTGAATATAGGGATAAATTRNTAGGWAARACTGTAAAAGTTAAAGTGATTAGAGTTG,0,25 nmol
2,B11,k3l_fwd_12-4_GTA-GMA,ATGTTGAATATAGGGATAAATTRGMAGGWAARACTGTAAAAGTTAAAGTGATTAGAGTTG,0,25 nmol
2,B12,k3l_fwd_12-5_GGG-HGG,ATGTTGAATATAGGGATAAATTRGTWHGGAARACTGTAAAAGTTAAAGTGATTAGAGTTG,0,25 nmol
2,C1,k3l_fwd_12-6_GGG-GHG,ATGTTGAATATAGGGATAAATTRGTWGHGAARACTGTAAAAGTTAAAGTGATTAGAGTTG,0,25 nmol
2,C2,k3l_fwd_12-7_AAA-BAA,ATGTTGAATATAGGGATAAATTRGTWGGWBAAACTGTAAAAGTTAAAGTGATTAGAGTTG,0,25 nmol
2,C3,k3l_fwd_12-8_AAA-ANA,ATGTTGAATATAGGGATAAATTRGTWGGWANAACTGTAAAAGTTAAAGTGATTAGAGTTG,0,25 nmol
2,C4,k3l_fwd_12-9_AAA-AAH,ATGTTGAATATAGGGATAAATTRGTWGGWAAHACTGTAAAAGTTAAAGTGATTAGAGTTG,0,25 nmol
2,C5,k3l_fwd_16-1_AAA-BAA,TGATTAGAGTTGATTATACABAAGGWTAYATWGAYGTCAATTACAAAAGGATGTGTAGAC,0,25 nmol
2,C6,k3l_fwd_16-2_AAA-ABA,TGATTAGAGTTGATTATACAABAGGWTAYATWGAYGTCAATTACAAAAGGATGTGTAGAC,0,25 nmol
2,C7,k3l_fwd_16-3_AAA-AAH,TGATTAGAGTTGATTATACAAAHGGWTAYATWGAYGTCAATTACAAAAGGATGTGTAGAC,0,25 nmol
2,C8,k3l_fwd_16-4_GGA-HGA,TGATTAGAGTTGATTATACAAARHGATAYATWGAYGTCAATTACAAAAGGATGTGTAGAC,0,25 nmol
2,C9,k3l_fwd_16-5_GGA-GNA,TGATTAGAGTTGATTATACAAARGNATAYATWGAYGTCAATTACAAAAGGATGTGTAGAC,0,25 nmol
2,C10,k3l_fwd_16-6_TAT-VAT,TGATTAGAGTTGATTATACAAARGGWVATATWGAYGTCAATTACAAAAGGATGTGTAGAC,0,25 nmol
2,C11,k3l_fwd_16-7_TAT-TST,TGATTAGAGTTGATTATACAAARGGWTSTATWGAYGTCAATTACAAAAGGATGTGTAGAC,0,25 nmol
2,C12,k3l_fwd_16-8_TAT-TAK,TGATTAGAGTTGATTATACAAARGGWTAKATWGAYGTCAATTACAAAAGGATGTGTAGAC,0,25 nmol
2,D1,k3l_fwd_16-9_ATA-BTA,TGATTAGAGTTGATTATACAAARGGWTAYBTAGAYGTCAATTACAAAAGGATGTGTAGAC,0,25 nmol
2,D2,k3l_fwd_16-10_ATA-ASA,TGATTAGAGTTGATTATACAAARGGWTAYASAGAYGTCAATTACAAAAGGATGTGTAGAC,0,25 nmol
2,D3,k3l_fwd_16-11_ATA-ATR,TGATTAGAGTTGATTATACAAARGGWTAYATRGAYGTCAATTACAAAAGGATGTGTAGAC,0,25 nmol
2,D4,k3l_fwd_16-12_GAT-HAT,TGATTAGAGTTGATTATACAAARGGWTAYATWHATGTCAATTACAAAAGGATGTGTAGAC,0,25 nmol
2,D5,k3l_fwd_16-13_GAT-GYT,TGATTAGAGTTGATTATACAAARGGWTAYATWGYTGTCAATTACAAAAGGATGTGTAGAC,0,25 nmol
2,D6,k3l_fwd_17-1_GTC-NTC,ATACAAAAGGATATATAGATNTCAAYTAYAARAGRATGTGTAGACATCAATAGTAGCTGT,0,25 nmol
2,D7,k3l_fwd_17-2_GTC-GMC,ATACAAAAGGATATATAGATGMCAAYTAYAARAGRATGTGTAGACATCAATAGTAGCTGT,0,25 nmol
2,D8,k3l_fwd_17-3_AAT-BAT,ATACAAAAGGATATATAGATGTWBATTAYAARAGRATGTGTAGACATCAATAGTAGCTGT,0,25 nmol
2,D9,k3l_fwd_17-4_AAT-ABT,ATACAAAAGGATATATAGATGTWABTTAYAARAGRATGTGTAGACATCAATAGTAGCTGT,0,25 nmol
2,D10,k3l_fwd_17-5_AAT-AAK,ATACAAAAGGATATATAGATGTWAAKTAYAARAGRATGTGTAGACATCAATAGTAGCTGT,0,25 nmol
2,D11,k3l_fwd_17-6_TAC-VAC,ATACAAAAGGATATATAGATGTWAAYVACAARAGRATGTGTAGACATCAATAGTAGCTGT,0,25 nmol
2,D12,k3l_fwd_17-7_TAC-TSC,ATACAAAAGGATATATAGATGTWAAYTSCAARAGRATGTGTAGACATCAATAGTAGCTGT,0,25 nmol
2,E1,k3l_fwd_17-8_TAC-TAG,ATACAAAAGGATATATAGATGTWAAYTAGAARAGRATGTGTAGACATCAATAGTAGCTGT,0,25 nmol
2,E2,k3l_fwd_17-9_AAA-BAA,ATACAAAAGGATATATAGATGTWAAYTAYBAAAGRATGTGTAGACATCAATAGTAGCTGT,0,25 nmol
2,E3,k3l_fwd_17-10_AAA-ABA,ATACAAAAGGATATATAGATGTWAAYTAYABAAGRATGTGTAGACATCAATAGTAGCTGT,0,25 nmol
2,E4,k3l_fwd_17-11_AAA-AAH,ATACAAAAGGATATATAGATGTWAAYTAYAAHAGRATGTGTAGACATCAATAGTAGCTGT,0,25 nmol
2,E5,k3l_fwd_17-12_AGG-DGG,ATACAAAAGGATATATAGATGTWAAYTAYAARDGGATGTGTAGACATCAATAGTAGCTGT,0,25 nmol
2,E6,k3l_fwd_17-13_AGG-AYG,ATACAAAAGGATATATAGATGTWAAYTAYAARAYGATGTGTAGACATCAATAGTAGCTGT,0,25 nmol
2,E7,k3l_fwd_17-14_AGG-AGY,ATACAAAAGGATATATAGATGTWAAYTAYAARAGYATGTGTAGACATCAATAGTAGCTGT,0,25 nmol
2,E8,k3l_fwd_18-1_ATG-BTG,TAGATGTCAATTACAAAAGGBTGTGYAGRCAYCARTAGTAGCTGTCGAGTCGC,0,25 nmol
2,E9,k3l_fwd_18-2_ATG-ASG,TAGATGTCAATTACAAAAGGASGTGYAGRCAYCARTAGTAGCTGTCGAGTCGC,0,25 nmol
2,E10,k3l_fwd_18-3_ATG-ATC,TAGATGTCAATTACAAAAGGATCTGYAGRCAYCARTAGTAGCTGTCGAGTCGC,0,25 nmol
2,E11,k3l_fwd_18-4_TGT-VGT,TAGATGTCAATTACAAAAGGATGVGTAGRCAYCARTAGTAGCTGTCGAGTCGC,0,25 nmol
2,E12,k3l_fwd_18-5_TGT-TNT,TAGATGTCAATTACAAAAGGATGTNTAGRCAYCARTAGTAGCTGTCGAGTCGC,0,25 nmol
2,F1,k3l_fwd_18-6_TGT-TGW,TAGATGTCAATTACAAAAGGATGTGWAGRCAYCARTAGTAGCTGTCGAGTCGC,0,25 nmol
2,F2,k3l_fwd_18-7_AGA-DGA,TAGATGTCAATTACAAAAGGATGTGYDGACAYCARTAGTAGCTGTCGAGTCGC,0,25 nmol
2,F3,k3l_fwd_18-8_AGA-AYA,TAGATGTCAATTACAAAAGGATGTGYAYACAYCARTAGTAGCTGTCGAGTCGC,0,25 nmol
2,F4,k3l_fwd_18-9_AGA-AGY,TAGATGTCAATTACAAAAGGATGTGYAGYCAYCARTAGTAGCTGTCGAGTCGC,0,25 nmol
2,F5,k3l_fwd_18-10_CAT-NAT,TAGATGTCAATTACAAAAGGATGTGYAGRNATCARTAGTAGCTGTCGAGTCGC,0,25 nmol
2,F6,k3l_fwd_18-11_CAT-CKT,TAGATGTCAATTACAAAAGGATGTGYAGRCKTCARTAGTAGCTGTCGAGTCGC,0,25 nmol
2,F7,k3l_fwd_18-12_CAT-CAG,TAGATGTCAATTACAAAAGGATGTGYAGRCAGCARTAGTAGCTGTCGAGTCGC,0,25 nmol
2,F8,k3l_fwd_18-13_CAA-DAA,TAGATGTCAATTACAAAAGGATGTGYAGRCAYDAATAGTAGCTGTCGAGTCGC,0,25 nmol
2,F9,k3l_fwd_18-14_CAA-CKA,TAGATGTCAATTACAAAAGGATGTGYAGRCAYCKATAGTAGCTGTCGAGTCGC,0,25 nmol
2,F10,k3l_fwd_18-15_CAA-CAW,TAGATGTCAATTACAAAAGGATGTGYAGRCAYCAWTAGTAGCTGTCGAGTCGC,0,25 nmol
2,F11,k3l_rev_1,CATGGACGCGTTTTGTTTGTTTATGT,0,25 nmol
2,F12,k3l_rev_2,CAACGAATAACAAAATGCAAGCATGG,0,25 nmol
2,G1,k3l_rev_3,TACATCACCCGCATTGGGCA,0,25 nmol
2,G2,k3l_rev_4,TCTGCCCTTTATTACATCACCCGC,0,25 nmol
2,G3,k3l_rev_5,CTTCTCGTATACTCTGCCCTTTATTACATC,0,25 nmol
2,G4,k3l_rev_6,TAGAGCATAATCCTTCTCGTATACTCTGC,0,25 nmol
2,G5,k3l_rev_7,AAAAAGATAAATATATAGAGCATAATCCTTCTCGTATACT,0,25 nmol
2,G6,k3l_rev_8,TTCAAAGTGAGGATAGTCAAAAAGATAAATATATAGAGC,0,25 nmol
2,G7,k3l_rev_9,CTCTGCCAAGATAGCTTCAAAGTGA,0,25 nmol
2,G8,k3l_rev_10,CATCTTAACACTCTCTGCCAAGATAGC,0,25 nmol
2,G9,k3l_rev_11,ATATCTATCCATATGCATCTTAACACTCTCTGC,0,25 nmol
2,G10,k3l_rev_12,TTTATCCCTATATTCAACATATCTATCCATATGCATC,0,25 nmol
2,G11,k3l_rev_13,TTTCCCTACCAGTTTATCCCTATATTCAACA,0,25 nmol
2,G12,k3l_rev_14,AACTTTTACAGTTTTCCCTACCAGTTTATCC,0,25 nmol
2,H1,k3l_rev_15,TCTAATCACTTTAACTTTTACAGTTTTCCCTACC,0,25 nmol
2,H2,k3l_rev_16,TGTATAATCAACTCTAATCACTTTAACTTTTACAGTTTT,0,25 nmol
2,H3,k3l_rev_17,ATCTATATATCCTTTTGTATAATCAACTCTAATCACTTTAACT,0,25 nmol
2,H4,k3l_rev_18,CCTTTTGTAATTGACATCTATATATCCTTTTGTATAATCA,0,25 nmol
2,H5,pkr_w1_fwd_1-1_ACA-BCA,accttcctgacatgaaagaaBCAAARTAYACWGTWGAYaagaggtttggcatggatttta,0,25 nmol
2,H6,pkr_w1_fwd_1-2_ACA-AKA,accttcctgacatgaaagaaAKAAARTAYACWGTWGAYaagaggtttggcatggatttta,0,25 nmol
2,H7,pkr_w1_fwd_1-3_AAG-BAG,accttcctgacatgaaagaaACWBAGTAYACWGTWGAYaagaggtttggcatggatttta,0,25 nmol
2,H8,pkr_w1_fwd_1-4_AAG-ABG,accttcctgacatgaaagaaACWABGTAYACWGTWGAYaagaggtttggcatggatttta,0,25 nmol
2,H9,pkr_w1_fwd_1-5_AAG-AAY,accttcctgacatgaaagaaACWAAYTAYACWGTWGAYaagaggtttggcatggatttta,0,25 nmol
2,H10,pkr_w1_fwd_1-6_TAT-VAT,accttcctgacatgaaagaaACWAARVATACWGTWGAYaagaggtttggcatggatttta,0,25 nmol
2,H11,pkr_w1_fwd_1-7_TAT-TST,accttcctgacatgaaagaaACWAARTSTACWGTWGAYaagaggtttggcatggatttta,0,25 nmol
2,H12,pkr_w1_fwd_1-8_TAT-TAK,accttcctgacatgaaagaaACWAARTAKACWGTWGAYaagaggtttggcatggatttta,0,25 nmol
3,A1,pkr_w1_fwd_1-9_ACT-BCT,accttcctgacatgaaagaaACWAARTAYBCTGTWGAYaagaggtttggcatggatttta,0,25 nmol
3,A2,pkr_w1_fwd_1-10_ACT-AKT,accttcctgacatgaaagaaACWAARTAYAKTGTWGAYaagaggtttggcatggatttta,0,25 nmol
3,A3,pkr_w1_fwd_1-11_GTG-HTG,accttcctgacatgaaagaaACWAARTAYACWHTGGAYaagaggtttggcatggatttta,0,25 nmol
3,A4,pkr_w1_fwd_1-12_GTG-GMG,accttcctgacatgaaagaaACWAARTAYACWGMGGAYaagaggtttggcatggatttta,0,25 nmol
3,A5,pkr_w1_fwd_1-13_GAC-HAC,accttcctgacatgaaagaaACWAARTAYACWGTWHACaagaggtttggcatggatttta,0,25 nmol
3,A6,pkr_w1_fwd_1-14_GAC-GYC,accttcctgacatgaaagaaACWAARTAYACWGTWGYCaagaggtttggcatggatttta,0,25 nmol
3,A7,pkr_w1_fwd_3-1_ATG-BTG,ctgtggacaagaggtttggcBTGGAYTTYAARGARATWgaattaattggctcaggtggat,0,25 nmol
3,A8,pkr_w1_fwd_3-2_ATG-ASG,ctgtggacaagaggtttggcASGGAYTTYAARGARATWgaattaattggctcaggtggat,0,25 nmol
3,A9,pkr_w1_fwd_3-3_ATG-ATC,ctgtggacaagaggtttggcATCGAYTTYAARGARATWgaattaattggctcaggtggat,0,25 nmol
3,A10,pkr_w1_fwd_3-4_GAT-HAT,ctgtggacaagaggtttggcATGHATTTYAARGARATWgaattaattggctcaggtggat,0,25 nmol
3,A11,pkr_w1_fwd_3-5_GAT-GYT,ctgtggacaagaggtttggcATGGYTTTYAARGARATWgaattaattggctcaggtggat,0,25 nmol
3,A12,pkr_w1_fwd_3-6_TTT-VTT,ctgtggacaagaggtttggcATGGAYVTTAARGARATWgaattaattggctcaggtggat,0,25 nmol
3,B1,pkr_w1_fwd_3-7_TTT-TVT,ctgtggacaagaggtttggcATGGAYTVTAARGARATWgaattaattggctcaggtggat,0,25 nmol
3,B2,pkr_w1_fwd_3-8_TTT-TTD,ctgtggacaagaggtttggcATGGAYTTDAARGARATWgaattaattggctcaggtggat,0,25 nmol
3,B3,pkr_w1_fwd_3-9_AAA-BAA,ctgtggacaagaggtttggcATGGAYTTYBAAGARATWgaattaattggctcaggtggat,0,25 nmol
3,B4,pkr_w1_fwd_3-10_AAA-ABA,ctgtggacaagaggtttggcATGGAYTTYABAGARATWgaattaattggctcaggtggat,0,25 nmol
3,B5,pkr_w1_fwd_3-11_AAA-AAH,ctgtggacaagaggtttggcATGGAYTTYAAHGARATWgaattaattggctcaggtggat,0,25 nmol
3,B6,pkr_w1_fwd_3-12_GAA-HAA,ctgtggacaagaggtttggcATGGAYTTYAARHAAATWgaattaattggctcaggtggat,0,25 nmol
3,B7,pkr_w1_fwd_3-13_GAA-GYA,ctgtggacaagaggtttggcATGGAYTTYAARGYAATWgaattaattggctcaggtggat,0,25 nmol
3,B8,pkr_w1_fwd_3-14_GAA-GAY,ctgtggacaagaggtttggcATGGAYTTYAARGAYATWgaattaattggctcaggtggat,0,25 nmol
3,B9,pkr_w1_fwd_3-15_ATA-BTA,ctgtggacaagaggtttggcATGGAYTTYAARGARBTAgaattaattggctcaggtggat,0,25 nmol
3,B10,pkr_w1_fwd_3-16_ATA-ANA,ctgtggacaagaggtttggcATGGAYTTYAARGARANAgaattaattggctcaggtggat,0,25 nmol
3,B11,pkr_w1_fwd_3-17_ATA-ATR,ctgtggacaagaggtttggcATGGAYTTYAARGARATRgaattaattggctcaggtggat,0,25 nmol
3,B12,pkr_w1_fwd_4-1_GAA-HAA,gcatggattttaaagaaataHAATTRATWGGWTCWGGWggatttggccaagttttcaaag,0,25 nmol
3,C1,pkr_w1_fwd_4-2_GAA-GYA,gcatggattttaaagaaataGYATTRATWGGWTCWGGWggatttggccaagttttcaaag,0,25 nmol
3,C2,pkr_w1_fwd_4-3_GAA-GAY,gcatggattttaaagaaataGAYTTRATWGGWTCWGGWggatttggccaagttttcaaag,0,25 nmol
3,C3,pkr_w1_fwd_4-4_TTA-DTA,gcatggattttaaagaaataGARDTAATWGGWTCWGGWggatttggccaagttttcaaag,0,25 nmol
3,C4,pkr_w1_fwd_4-5_TTA-TVA,gcatggattttaaagaaataGARTVAATWGGWTCWGGWggatttggccaagttttcaaag,0,25 nmol
3,C5,pkr_w1_fwd_4-6_TTA-TTM,gcatggattttaaagaaataGARTTMATWGGWTCWGGWggatttggccaagttttcaaag,0,25 nmol
3,C6,pkr_w1_fwd_4-7_ATT-BTT,gcatggattttaaagaaataGARTTRBTTGGWTCWGGWggatttggccaagttttcaaag,0,25 nmol
3,C7,pkr_w1_fwd_4-8_ATT-AST,gcatggattttaaagaaataGARTTRASTGGWTCWGGWggatttggccaagttttcaaag,0,25 nmol
3,C8,pkr_w1_fwd_4-9_ATT-ATK,gcatggattttaaagaaataGARTTRATKGGWTCWGGWggatttggccaagttttcaaag,0,25 nmol
3,C9,pkr_w1_fwd_4-10_GGC-HGC,gcatggattttaaagaaataGARTTRATWHGCTCWGGWggatttggccaagttttcaaag,0,25 nmol
3,C10,pkr_w1_fwd_4-11_GGC-GHC,gcatggattttaaagaaataGARTTRATWGHCTCWGGWggatttggccaagttttcaaag,0,25 nmol
3,C11,pkr_w1_fwd_4-12_TCA-NCA,gcatggattttaaagaaataGARTTRATWGGWNCAGGWggatttggccaagttttcaaag,0,25 nmol
3,C12,pkr_w1_fwd_4-13_TCA-TRA,gcatggattttaaagaaataGARTTRATWGGWTRAGGWggatttggccaagttttcaaag,0,25 nmol
3,D1,pkr_w1_fwd_4-14_GGT-HGT,gcatggattttaaagaaataGARTTRATWGGWTCWHGTggatttggccaagttttcaaag,0,25 nmol
3,D2,pkr_w1_fwd_4-15_GGT-GHT,gcatggattttaaagaaataGARTTRATWGGWTCWGHTggatttggccaagttttcaaag,0,25 nmol
3,D3,pkr_w1_fwd_5-1_GGA-HGA,tagaattaattggctcaggtHGATTYggccaagttttcaaagcaaa,0,25 nmol
3,D4,pkr_w1_fwd_5-2_GGA-GHA,tagaattaattggctcaggtGHATTYggccaagttttcaaagcaaa,0,25 nmol
3,D5,pkr_w1_fwd_5-3_TTT-VTT,tagaattaattggctcaggtGGWVTTggccaagttttcaaagcaaa,0,25 nmol
3,D6,pkr_w1_fwd_5-4_TTT-TVT,tagaattaattggctcaggtGGWTVTggccaagttttcaaagcaaa,0,25 nmol
3,D7,pkr_w1_fwd_5-5_TTT-TTD,tagaattaattggctcaggtGGWTTDggccaagttttcaaagcaaa,0,25 nmol
3,D8,pkr_w1_rev_1,ttctttcatgtcaggaaggtcaaatctg,0,25 nmol
3,D9,pkr_w1_rev_2,gtccacagtatactttgtttctttcatgtc,0,25 nmol
3,D10,pkr_w1_rev_3,gccaaacctcttgtccacagtatac,0,25 nmol
3,D11,pkr_w1_rev_4,tatttctttaaaatccatgccaaacctcttg,0,25 nmol
3,D12,pkr_w1_rev_5,acctgagccaattaattctatttctttaaaatcc,0,25 nmol
3,E1,pkr_w2_fwd_1-1_AAA-BAA,tccaaatggaattctgtgatBAAGGWACWTTRGARCARtggattgaaaaaagaagaggcg,0,25 nmol
3,E2,pkr_w2_fwd_1-2_AAA-ABA,tccaaatggaattctgtgatABAGGWACWTTRGARCARtggattgaaaaaagaagaggcg,0,25 nmol
3,E3,pkr_w2_fwd_1-3_AAA-AAH,tccaaatggaattctgtgatAAHGGWACWTTRGARCARtggattgaaaaaagaagaggcg,0,25 nmol
3,E4,pkr_w2_fwd_1-4_GGG-NGG,tccaaatggaattctgtgatAARNGGACWTTRGARCARtggattgaaaaaagaagaggcg,0,25 nmol
3,E5,pkr_w2_fwd_1-5_GGG-GNG,tccaaatggaattctgtgatAARGNGACWTTRGARCARtggattgaaaaaagaagaggcg,0,25 nmol
3,E6,pkr_w2_fwd_1-6_ACC-BCC,tccaaatggaattctgtgatAARGGWBCCTTRGARCARtggattgaaaaaagaagaggcg,0,25 nmol
3,E7,pkr_w2_fwd_1-7_ACC-AKC,tccaaatggaattctgtgatAARGGWAKCTTRGARCARtggattgaaaaaagaagaggcg,0,25 nmol
3,E8,pkr_w2_fwd_1-8_TTG-DTG,tccaaatggaattctgtgatAARGGWACWDTGGARCARtggattgaaaaaagaagaggcg,0,25 nmol
3,E9,pkr_w2_fwd_1-9_TTG-TVG,tccaaatggaattctgtgatAARGGWACWTVGGARCARtggattgaaaaaagaagaggcg,0,25 nmol
3,E10,pkr_w2_fwd_1-10_TTG-TTS,tccaaatggaattctgtgatAARGGWACWTTSGARCARtggattgaaaaaagaagaggcg,0,25 nmol
3,E11,pkr_w2_fwd_1-11_GAA-HAA,tccaaatggaattctgtgatAARGGWACWTTRHAACARtggattgaaaaaagaagaggcg,0,25 nmol
3,E12,pkr_w2_fwd_1-12_GAA-GYA,tccaaatggaattctgtgatAARGGWACWTTRGYACARtggattgaaaaaagaagaggcg,0,25 nmol
3,F1,pkr_w2_fwd_1-13_GAA-GAY,tccaaatggaattctgtgatAARGGWACWTTRGAYCARtggattgaaaaaagaagaggcg,0,25 nmol
3,F2,pkr_w2_fwd_1-14_CAA-DAA,tccaaatggaattctgtgatAARGGWACWTTRGARDAAtggattgaaaaaagaagaggcg,0,25 nmol
3,F3,pkr_w2_fwd_1-15_CAA-CKA,tccaaatggaattctgtgatAARGGWACWTTRGARCKAtggattgaaaaaagaagaggcg,0,25 nmol
3,F4,pkr_w2_fwd_1-16_CAA-CAW,tccaaatggaattctgtgatAARGGWACWTTRGARCAWtggattgaaaaaagaagaggcg,0,25 nmol
3,F5,pkr_w2_fwd_2-1_TGG-VGG,ataaagggaccttggaacaaVGGATWGARAARAGRAGRggcgagaaactagacaaagttt,0,25 nmol
3,F6,pkr_w2_fwd_2-2_TGG-TMG,ataaagggaccttggaacaaTMGATWGARAARAGRAGRggcgagaaactagacaaagttt,0,25 nmol
3,F7,pkr_w2_fwd_2-3_TGG-TGM,ataaagggaccttggaacaaTGMATWGARAARAGRAGRggcgagaaactagacaaagttt,0,25 nmol
3,F8,pkr_w2_fwd_2-4_ATT-BTT,ataaagggaccttggaacaaTGGBTTGARAARAGRAGRggcgagaaactagacaaagttt,0,25 nmol
3,F9,pkr_w2_fwd_2-5_ATT-AST,ataaagggaccttggaacaaTGGASTGARAARAGRAGRggcgagaaactagacaaagttt,0,25 nmol
3,F10,pkr_w2_fwd_2-6_ATT-ATK,ataaagggaccttggaacaaTGGATKGARAARAGRAGRggcgagaaactagacaaagttt,0,25 nmol
3,F11,pkr_w2_fwd_2-7_GAA-HAA,ataaagggaccttggaacaaTGGATWHAAAARAGRAGRggcgagaaactagacaaagttt,0,25 nmol
3,F12,pkr_w2_fwd_2-8_GAA-GYA,ataaagggaccttggaacaaTGGATWGYAAARAGRAGRggcgagaaactagacaaagttt,0,25 nmol
3,G1,pkr_w2_fwd_2-9_GAA-GAY,ataaagggaccttggaacaaTGGATWGAYAARAGRAGRggcgagaaactagacaaagttt,0,25 nmol
3,G2,pkr_w2_fwd_2-10_AAA-BAA,ataaagggaccttggaacaaTGGATWGARBAAAGRAGRggcgagaaactagacaaagttt,0,25 nmol
3,G3,pkr_w2_fwd_2-11_AAA-ABA,ataaagggaccttggaacaaTGGATWGARABAAGRAGRggcgagaaactagacaaagttt,0,25 nmol
3,G4,pkr_w2_fwd_2-12_AAA-AAN,ataaagggaccttggaacaaTGGATWGARAANAGRAGRggcgagaaactagacaaagttt,0,25 nmol
3,G5,pkr_w2_fwd_2-13_AGA-DGA,ataaagggaccttggaacaaTGGATWGARAARDGAAGRggcgagaaactagacaaagttt,0,25 nmol
3,G6,pkr_w2_fwd_2-14_AGA-AYA,ataaagggaccttggaacaaTGGATWGARAARAYAAGRggcgagaaactagacaaagttt,0,25 nmol
3,G7,pkr_w2_fwd_2-15_AGA-AGY,ataaagggaccttggaacaaTGGATWGARAARAGYAGRggcgagaaactagacaaagttt,0,25 nmol
3,G8,pkr_w2_fwd_2-16_AGA-DGA,ataaagggaccttggaacaaTGGATWGARAARAGRDGAggcgagaaactagacaaagttt,0,25 nmol
3,G9,pkr_w2_fwd_2-17_AGA-ANA,ataaagggaccttggaacaaTGGATWGARAARAGRANAggcgagaaactagacaaagttt,0,25 nmol
3,G10,pkr_w2_fwd_2-18_AGA-AGY,ataaagggaccttggaacaaTGGATWGARAARAGRAGYggcgagaaactagacaaagttt,0,25 nmol
3,G11,pkr_w2_fwd_3-1_GGC-HGC,aatggattgaaaaaagaagaHGCGARAARctagacaaagttttggctttgg,0,25 nmol
3,G12,pkr_w2_fwd_3-2_GGC-GHC,aatggattgaaaaaagaagaGHCGARAARctagacaaagttttggctttgg,0,25 nmol
3,H1,pkr_w2_fwd_3-3_GAG-HAG,aatggattgaaaaaagaagaGGWHAGAARctagacaaagttttggctttgg,0,25 nmol
3,H2,pkr_w2_fwd_3-4_GAG-GYG,aatggattgaaaaaagaagaGGWGYGAARctagacaaagttttggctttgg,0,25 nmol
3,H3,pkr_w2_fwd_3-5_GAG-GAY,aatggattgaaaaaagaagaGGWGAYAARctagacaaagttttggctttgg,0,25 nmol
3,H4,pkr_w2_fwd_3-6_AAA-BAA,aatggattgaaaaaagaagaGGWGARBAActagacaaagttttggctttgg,0,25 nmol
3,H5,pkr_w2_fwd_3-7_AAA-ABA,aatggattgaaaaaagaagaGGWGARABActagacaaagttttggctttgg,0,25 nmol
3,H6,pkr_w2_fwd_3-8_AAA-AAN,aatggattgaaaaaagaagaGGWGARAANctagacaaagttttggctttgg,0,25 nmol
3,H7,pkr_w2_rev_1,atcacagaattccatttggatgaaaaggc,0,25 nmol
3,H8,pkr_w2_rev_2,ttgttccaaggtccctttatcacaga,0,25 nmol
3,H9,pkr_w2_rev_3,tcttcttttttcaatccattgttccaagg,0,25 nmol
3,H10,pkr_w3_fwd_1-1_AGT-BGT,atgatggaaagcgaacaaggBGTAARGGWACWTTRAGRtacatgagcccagaacagattt,0,25 nmol
3,H11,pkr_w3_fwd_1-2_AGT-AYT,atgatggaaagcgaacaaggAYTAARGGWACWTTRAGRtacatgagcccagaacagattt,0,25 nmol
3,H12,pkr_w3_fwd_1-3_AAG-BAG,atgatggaaagcgaacaaggTCWBAGGGWACWTTRAGRtacatgagcccagaacagattt,0,25 nmol
4,A1,pkr_w3_fwd_1-4_AAG-ABG,atgatggaaagcgaacaaggTCWABGGGWACWTTRAGRtacatgagcccagaacagattt,0,25 nmol
4,A2,pkr_w3_fwd_1-5_AAG-AAY,atgatggaaagcgaacaaggTCWAAYGGWACWTTRAGRtacatgagcccagaacagattt,0,25 nmol
4,A3,pkr_w3_fwd_1-6_GGA-HGA,atgatggaaagcgaacaaggTCWAARHGAACWTTRAGRtacatgagcccagaacagattt,0,25 nmol
4,A4,pkr_w3_fwd_1-7_GGA-GHA,atgatggaaagcgaacaaggTCWAARGHAACWTTRAGRtacatgagcccagaacagattt,0,25 nmol
4,A5,pkr_w3_fwd_1-8_ACT-BCT,atgatggaaagcgaacaaggTCWAARGGWBCTTTRAGRtacatgagcccagaacagattt,0,25 nmol
4,A6,pkr_w3_fwd_1-9_ACT-AKT,atgatggaaagcgaacaaggTCWAARGGWAKTTTRAGRtacatgagcccagaacagattt,0,25 nmol
4,A7,pkr_w3_fwd_1-10_TTG-DTG,atgatggaaagcgaacaaggTCWAARGGWACWDTGAGRtacatgagcccagaacagattt,0,25 nmol
4,A8,pkr_w3_fwd_1-11_TTG-TVG,atgatggaaagcgaacaaggTCWAARGGWACWTVGAGRtacatgagcccagaacagattt,0,25 nmol
4,A9,pkr_w3_fwd_1-12_TTG-TTS,atgatggaaagcgaacaaggTCWAARGGWACWTTSAGRtacatgagcccagaacagattt,0,25 nmol
4,A10,pkr_w3_fwd_1-13_CGA-BGA,atgatggaaagcgaacaaggTCWAARGGWACWTTRBGAtacatgagcccagaacagattt,0,25 nmol
4,A11,pkr_w3_fwd_1-14_CGA-CWA,atgatggaaagcgaacaaggTCWAARGGWACWTTRCWAtacatgagcccagaacagattt,0,25 nmol
4,A12,pkr_w3_fwd_2-1_TAC-VAC,ggagtaagggaactttgcgaVACATGagcccagaacagatttcttcg,0,25 nmol
4,B1,pkr_w3_fwd_2-2_TAC-TSC,ggagtaagggaactttgcgaTSCATGagcccagaacagatttcttcg,0,25 nmol
4,B2,pkr_w3_fwd_2-3_TAC-TAG,ggagtaagggaactttgcgaTAGATGagcccagaacagatttcttcg,0,25 nmol
4,B3,pkr_w3_fwd_2-4_ATG-BTG,ggagtaagggaactttgcgaTAYBTGagcccagaacagatttcttcg,0,25 nmol
4,B4,pkr_w3_fwd_2-5_ATG-ASG,ggagtaagggaactttgcgaTAYASGagcccagaacagatttcttcg,0,25 nmol
4,B5,pkr_w3_fwd_2-6_ATG-ATN,ggagtaagggaactttgcgaTAYATNagcccagaacagatttcttcg,0,25 nmol
4,B6,pkr_w3_rev_1,ccttgttcgctttccatcatttttca,0,25 nmol
4,B7,pkr_w3_rev_2,tcgcaaagttcccttactccttgt,0,25 nmol
4,B8,pkr_w4_fwd_1-1_GAA-HAA,ctttggggctaattcttgctHAATTRTTRCAYGTWTGYgacactgcttttgaaacatcaa,0,25 nmol
4,B9,pkr_w4_fwd_1-2_GAA-GYA,ctttggggctaattcttgctGYATTRTTRCAYGTWTGYgacactgcttttgaaacatcaa,0,25 nmol
4,B10,pkr_w4_fwd_1-3_GAA-GAY,ctttggggctaattcttgctGAYTTRTTRCAYGTWTGYgacactgcttttgaaacatcaa,0,25 nmol
4,B11,pkr_w4_fwd_1-4_CTT-DTT,ctttggggctaattcttgctGARDTTTTRCAYGTWTGYgacactgcttttgaaacatcaa,0,25 nmol
4,B12,pkr_w4_fwd_1-5_CTT-CRT,ctttggggctaattcttgctGARCRTTTRCAYGTWTGYgacactgcttttgaaacatcaa,0,25 nmol
4,C1,pkr_w4_fwd_1-6_CTT-DTT,ctttggggctaattcttgctGARTTRDTTCAYGTWTGYgacactgcttttgaaacatcaa,0,25 nmol
4,C2,pkr_w4_fwd_1-7_CTT-CRT,ctttggggctaattcttgctGARTTRCRTCAYGTWTGYgacactgcttttgaaacatcaa,0,25 nmol
4,C3,pkr_w4_fwd_1-8_CAT-DAT,ctttggggctaattcttgctGARTTRTTRDATGTWTGYgacactgcttttgaaacatcaa,0,25 nmol
4,C4,pkr_w4_fwd_1-9_CAT-CKT,ctttggggctaattcttgctGARTTRTTRCKTGTWTGYgacactgcttttgaaacatcaa,0,25 nmol
4,C5,pkr_w4_fwd_1-10_CAT-CAG,ctttggggctaattcttgctGARTTRTTRCAGGTWTGYgacactgcttttgaaacatcaa,0,25 nmol
4,C6,pkr_w4_fwd_1-11_GTA-HTA,ctttggggctaattcttgctGARTTRTTRCAYHTATGYgacactgcttttgaaacatcaa,0,25 nmol
4,C7,pkr_w4_fwd_1-12_GTA-GMA,ctttggggctaattcttgctGARTTRTTRCAYGMATGYgacactgcttttgaaacatcaa,0,25 nmol
4,C8,pkr_w4_fwd_1-13_TGT-VGT,ctttggggctaattcttgctGARTTRTTRCAYGTWVGTgacactgcttttgaaacatcaa,0,25 nmol
4,C9,pkr_w4_fwd_1-14_TGT-TMT,ctttggggctaattcttgctGARTTRTTRCAYGTWTMTgacactgcttttgaaacatcaa,0,25 nmol
4,C10,pkr_w4_fwd_1-15_TGT-TGW,ctttggggctaattcttgctGARTTRTTRCAYGTWTGWgacactgcttttgaaacatcaa,0,25 nmol
4,C11,pkr_w4_fwd_2-1_GAC-HAC,ctgaacttcttcatgtatgtHACACWGCWTTYGARacatcaaagtttttcacagacctac,0,25 nmol
4,C12,pkr_w4_fwd_2-2_GAC-GNC,ctgaacttcttcatgtatgtGNCACWGCWTTYGARacatcaaagtttttcacagacctac,0,25 nmol
4,D1,pkr_w4_fwd_2-3_ACT-BCT,ctgaacttcttcatgtatgtGAYBCTGCWTTYGARacatcaaagtttttcacagacctac,0,25 nmol
4,D2,pkr_w4_fwd_2-4_ACT-AKT,ctgaacttcttcatgtatgtGAYAKTGCWTTYGARacatcaaagtttttcacagacctac,0,25 nmol
4,D3,pkr_w4_fwd_2-5_GCT-HCT,ctgaacttcttcatgtatgtGAYACWHCTTTYGARacatcaaagtttttcacagacctac,0,25 nmol
4,D4,pkr_w4_fwd_2-6_GCT-GWT,ctgaacttcttcatgtatgtGAYACWGWTTTYGARacatcaaagtttttcacagacctac,0,25 nmol
4,D5,pkr_w4_fwd_2-7_TTT-VTT,ctgaacttcttcatgtatgtGAYACWGCWVTTGARacatcaaagtttttcacagacctac,0,25 nmol
4,D6,pkr_w4_fwd_2-8_TTT-TVT,ctgaacttcttcatgtatgtGAYACWGCWTVTGARacatcaaagtttttcacagacctac,0,25 nmol
4,D7,pkr_w4_fwd_2-9_TTT-TTD,ctgaacttcttcatgtatgtGAYACWGCWTTDGARacatcaaagtttttcacagacctac,0,25 nmol
4,D8,pkr_w4_fwd_2-10_GAA-HAA,ctgaacttcttcatgtatgtGAYACWGCWTTYHAAacatcaaagtttttcacagacctac,0,25 nmol
4,D9,pkr_w4_fwd_2-11_GAA-GYA,ctgaacttcttcatgtatgtGAYACWGCWTTYGYAacatcaaagtttttcacagacctac,0,25 nmol
4,D10,pkr_w4_fwd_2-12_GAA-GAY,ctgaacttcttcatgtatgtGAYACWGCWTTYGAYacatcaaagtttttcacagacctac,0,25 nmol
4,D11,pkr_w4_fwd_3-1_ACA-BCA,tatgtgacactgcttttgaaBCATCWAARTTYTTYACWGAYctacgggatggcatcatct,0,25 nmol
4,D12,pkr_w4_fwd_3-2_ACA-AKA,tatgtgacactgcttttgaaAKATCWAARTTYTTYACWGAYctacgggatggcatcatct,0,25 nmol
4,E1,pkr_w4_fwd_3-3_TCA-VCA,tatgtgacactgcttttgaaACWVCAAARTTYTTYACWGAYctacgggatggcatcatct,0,25 nmol
4,E2,pkr_w4_fwd_3-4_TCA-TRA,tatgtgacactgcttttgaaACWTRAAARTTYTTYACWGAYctacgggatggcatcatct,0,25 nmol
4,E3,pkr_w4_fwd_3-5_AAG-BAG,tatgtgacactgcttttgaaACWTCWBAGTTYTTYACWGAYctacgggatggcatcatct,0,25 nmol
4,E4,pkr_w4_fwd_3-6_AAG-ABG,tatgtgacactgcttttgaaACWTCWABGTTYTTYACWGAYctacgggatggcatcatct,0,25 nmol
4,E5,pkr_w4_fwd_3-7_AAG-AAY,tatgtgacactgcttttgaaACWTCWAAYTTYTTYACWGAYctacgggatggcatcatct,0,25 nmol
4,E6,pkr_w4_fwd_3-8_TTT-VTT,tatgtgacactgcttttgaaACWTCWAARVTTTTYACWGAYctacgggatggcatcatct,0,25 nmol
4,E7,pkr_w4_fwd_3-9_TTT-TVT,tatgtgacactgcttttgaaACWTCWAARTVTTTYACWGAYctacgggatggcatcatct,0,25 nmol
4,E8,pkr_w4_fwd_3-10_TTT-TTD,tatgtgacactgcttttgaaACWTCWAARTTDTTYACWGAYctacgggatggcatcatct,0,25 nmol
4,E9,pkr_w4_fwd_3-11_TTC-VTC,tatgtgacactgcttttgaaACWTCWAARTTYVTCACWGAYctacgggatggcatcatct,0,25 nmol
4,E10,pkr_w4_fwd_3-12_TTC-TVC,tatgtgacactgcttttgaaACWTCWAARTTYTVCACWGAYctacgggatggcatcatct,0,25 nmol
4,E11,pkr_w4_fwd_3-13_TTC-TTR,tatgtgacactgcttttgaaACWTCWAARTTYTTRACWGAYctacgggatggcatcatct,0,25 nmol
4,E12,pkr_w4_fwd_3-14_ACA-NCA,tatgtgacactgcttttgaaACWTCWAARTTYTTYNCAGAYctacgggatggcatcatct,0,25 nmol
4,F1,pkr_w4_fwd_3-15_ACA-AKA,tatgtgacactgcttttgaaACWTCWAARTTYTTYAKAGAYctacgggatggcatcatct,0,25 nmol
4,F2,pkr_w4_fwd_3-16_GAC-HAC,tatgtgacactgcttttgaaACWTCWAARTTYTTYACWHACctacgggatggcatcatct,0,25 nmol
4,F3,pkr_w4_fwd_3-17_GAC-GYC,tatgtgacactgcttttgaaACWTCWAARTTYTTYACWGYCctacgggatggcatcatct,0,25 nmol
4,F4,pkr_w4_rev_1,agcaagaattagccccaaagcg,0,25 nmol
4,F5,pkr_w4_rev_2,acatacatgaagaagttcagcaagaattagc,0,25 nmol
4,F6,pkr_w4_rev_3,ttcaaaagcagtgtcacatacatgaaga,0,25 nmol
4,F7,pkr_w4_rev_4,gtctgtgaaaaactttgatgtttcaaaagc,0,25 nmol
4,F8,pkr_w4_rev_5,gccatcccgtaggtctgtga,0,100 nmol
5,A1,k3l_fwd_4-1_GTA-HTA,GTGATGTAATAAAGGGCAGAHTATAYGARAARGATTATGCTCTATATATTTATCTTTTTGACTATCC,0,100 nmol
5,A2,k3l_fwd_4-2_GTA-GMA,GTGATGTAATAAAGGGCAGAGMATAYGARAARGATTATGCTCTATATATTTATCTTTTTGACTATCC,0,100 nmol
5,A3,k3l_fwd_4-3_TAC-NAC,GTGATGTAATAAAGGGCAGAGTWNACGARAARGATTATGCTCTATATATTTATCTTTTTGACTATCC,0,100 nmol
5,A4,k3l_fwd_4-4_TAC-TSC,GTGATGTAATAAAGGGCAGAGTWTSCGARAARGATTATGCTCTATATATTTATCTTTTTGACTATCC,0,100 nmol
5,A5,k3l_fwd_4-5_TAC-TAG,GTGATGTAATAAAGGGCAGAGTWTAGGARAARGATTATGCTCTATATATTTATCTTTTTGACTATCC,0,100 nmol
5,A6,k3l_fwd_4-6_GAG-HAG,GTGATGTAATAAAGGGCAGAGTWTAYHAGAARGATTATGCTCTATATATTTATCTTTTTGACTATCC,0,100 nmol
5,A7,k3l_fwd_4-7_GAG-GYG,GTGATGTAATAAAGGGCAGAGTWTAYGYGAARGATTATGCTCTATATATTTATCTTTTTGACTATCC,0,100 nmol
5,A8,k3l_fwd_4-8_GAG-GAY,GTGATGTAATAAAGGGCAGAGTWTAYGAYAARGATTATGCTCTATATATTTATCTTTTTGACTATCC,0,100 nmol
5,A9,k3l_fwd_4-9_AAG-BAG,GTGATGTAATAAAGGGCAGAGTWTAYGARBAGGATTATGCTCTATATATTTATCTTTTTGACTATCC,0,100 nmol
5,A10,k3l_fwd_4-10_AAG-ABG,GTGATGTAATAAAGGGCAGAGTWTAYGARABGGATTATGCTCTATATATTTATCTTTTTGACTATCC,0,100 nmol
5,A11,k3l_fwd_4-11_AAG-AAY,GTGATGTAATAAAGGGCAGAGTWTAYGARAAYGATTATGCTCTATATATTTATCTTTTTGACTATCC,0,100 nmol
5,A12,k3l_fwd_5-1_GAT-HAT,AGGGCAGAGTATACGAGAAGHATTAYGCWTTRTATATTTATCTTTTTGACTATCCTCACTTTGAAG,0,100 nmol
5,B1,k3l_fwd_5-2_GAT-GYT,AGGGCAGAGTATACGAGAAGGYTTAYGCWTTRTATATTTATCTTTTTGACTATCCTCACTTTGAAG,0,100 nmol
5,B2,k3l_fwd_5-3_TAT-VAT,AGGGCAGAGTATACGAGAAGGAYVATGCWTTRTATATTTATCTTTTTGACTATCCTCACTTTGAAG,0,100 nmol
5,B3,k3l_fwd_5-4_TAT-TST,AGGGCAGAGTATACGAGAAGGAYTSTGCWTTRTATATTTATCTTTTTGACTATCCTCACTTTGAAG,0,100 nmol
5,B4,k3l_fwd_5-5_TAT-TAK,AGGGCAGAGTATACGAGAAGGAYTAKGCWTTRTATATTTATCTTTTTGACTATCCTCACTTTGAAG,0,100 nmol
5,B5,k3l_fwd_5-6_GCT-HCT,AGGGCAGAGTATACGAGAAGGAYTAYHCTTTRTATATTTATCTTTTTGACTATCCTCACTTTGAAG,0,100 nmol
5,B6,k3l_fwd_5-7_GCT-GWT,AGGGCAGAGTATACGAGAAGGAYTAYGWTTTRTATATTTATCTTTTTGACTATCCTCACTTTGAAG,0,100 nmol
5,B7,k3l_fwd_5-8_CTA-VTA,AGGGCAGAGTATACGAGAAGGAYTAYGCWVTATATATTTATCTTTTTGACTATCCTCACTTTGAAG,0,100 nmol
5,B8,k3l_fwd_5-9_CTA-CRA,AGGGCAGAGTATACGAGAAGGAYTAYGCWCRATATATTTATCTTTTTGACTATCCTCACTTTGAAG,0,100 nmol
5,B9,k3l_fwd_9-1_AGT-BGT,TTGAAGCTATCTTGGCAGAGBGTGTWAARATGCATATGGATAGATATGTTGAATATAGGGA,0,100 nmol
5,B10,k3l_fwd_9-2_AGT-ANT,TTGAAGCTATCTTGGCAGAGANTGTWAARATGCATATGGATAGATATGTTGAATATAGGGA,0,100 nmol
5,B11,k3l_fwd_9-3_GTT-HTT,TTGAAGCTATCTTGGCAGAGTCWHTTAARATGCATATGGATAGATATGTTGAATATAGGGA,0,100 nmol
5,B12,k3l_fwd_9-4_GTT-GMT,TTGAAGCTATCTTGGCAGAGTCWGMTAARATGCATATGGATAGATATGTTGAATATAGGGA,0,100 nmol
5,C1,k3l_fwd_9-5_AAG-BAG,TTGAAGCTATCTTGGCAGAGTCWGTWBAGATGCATATGGATAGATATGTTGAATATAGGGA,0,100 nmol
5,C2,k3l_fwd_9-6_AAG-ABG,TTGAAGCTATCTTGGCAGAGTCWGTWABGATGCATATGGATAGATATGTTGAATATAGGGA,0,100 nmol
5,C3,k3l_fwd_9-7_AAG-AAY,TTGAAGCTATCTTGGCAGAGTCWGTWAAYATGCATATGGATAGATATGTTGAATATAGGGA,0,100 nmol
5,C4,k3l_fwd_9-8_ATG-BTG,TTGAAGCTATCTTGGCAGAGTCWGTWAARBTGCATATGGATAGATATGTTGAATATAGGGA,0,100 nmol
5,C5,k3l_fwd_9-9_ATG-ASG,TTGAAGCTATCTTGGCAGAGTCWGTWAARASGCATATGGATAGATATGTTGAATATAGGGA,0,100 nmol
5,C6,k3l_fwd_9-10_ATG-ATC,TTGAAGCTATCTTGGCAGAGTCWGTWAARATCCATATGGATAGATATGTTGAATATAGGGA,0,100 nmol
5,C7,k3l_fwd_13-1_ACT-BCT,GGGATAAACTGGTAGGGAAABCTGTWAARGTWAAAGTGATTAGAGTTGATTATACAAAAGGATATATAG,0,100 nmol
5,C8,k3l_fwd_13-2_ACT-AKT,GGGATAAACTGGTAGGGAAAAKTGTWAARGTWAAAGTGATTAGAGTTGATTATACAAAAGGATATATAG,0,100 nmol
5,C9,k3l_fwd_13-3_GTA-HTA,GGGATAAACTGGTAGGGAAAACWHTAAARGTWAAAGTGATTAGAGTTGATTATACAAAAGGATATATAG,0,100 nmol
5,C10,k3l_fwd_13-4_GTA-GMA,GGGATAAACTGGTAGGGAAAACWGMAAARGTWAAAGTGATTAGAGTTGATTATACAAAAGGATATATAG,0,100 nmol
5,C11,k3l_fwd_13-5_AAA-BAA,GGGATAAACTGGTAGGGAAAACWGTWBAAGTWAAAGTGATTAGAGTTGATTATACAAAAGGATATATAG,0,100 nmol
5,C12,k3l_fwd_13-6_AAA-ABA,GGGATAAACTGGTAGGGAAAACWGTWABAGTWAAAGTGATTAGAGTTGATTATACAAAAGGATATATAG,0,100 nmol
5,D1,k3l_fwd_13-7_AAA-AAH,GGGATAAACTGGTAGGGAAAACWGTWAAHGTWAAAGTGATTAGAGTTGATTATACAAAAGGATATATAG,0,100 nmol
5,D2,k3l_fwd_13-8_GTT-NTT,GGGATAAACTGGTAGGGAAAACWGTWAARNTTAAAGTGATTAGAGTTGATTATACAAAAGGATATATAG,0,100 nmol
5,D3,k3l_fwd_13-9_GTT-GMT,GGGATAAACTGGTAGGGAAAACWGTWAARGMTAAAGTGATTAGAGTTGATTATACAAAAGGATATATAG,0,100 nmol
5,D4,k3l_fwd_14-1_AAA-BAA,TAGGGAAAACTGTAAAAGTTBAAGTWATWAGRGTTGATTATACAAAAGGATATATAGATGTCAATTAC,0,100 nmol
5,D5,k3l_fwd_14-2_AAA-ABA,TAGGGAAAACTGTAAAAGTTABAGTWATWAGRGTTGATTATACAAAAGGATATATAGATGTCAATTAC,0,100 nmol
5,D6,k3l_fwd_14-3_AAA-AAN,TAGGGAAAACTGTAAAAGTTAANGTWATWAGRGTTGATTATACAAAAGGATATATAGATGTCAATTAC,0,100 nmol
5,D7,k3l_fwd_14-4_GTG-HTG,TAGGGAAAACTGTAAAAGTTAARHTGATWAGRGTTGATTATACAAAAGGATATATAGATGTCAATTAC,0,100 nmol
5,D8,k3l_fwd_14-5_GTG-GMG,TAGGGAAAACTGTAAAAGTTAARGMGATWAGRGTTGATTATACAAAAGGATATATAGATGTCAATTAC,0,100 nmol
5,D9,k3l_fwd_14-6_ATT-BTT,TAGGGAAAACTGTAAAAGTTAARGTWBTTAGRGTTGATTATACAAAAGGATATATAGATGTCAATTAC,0,100 nmol
5,D10,k3l_fwd_14-7_ATT-AST,TAGGGAAAACTGTAAAAGTTAARGTWASTAGRGTTGATTATACAAAAGGATATATAGATGTCAATTAC,0,100 nmol
5,D11,k3l_fwd_14-8_ATT-ATK,TAGGGAAAACTGTAAAAGTTAARGTWATKAGRGTTGATTATACAAAAGGATATATAGATGTCAATTAC,0,100 nmol
5,D12,k3l_fwd_14-9_AGA-DGA,TAGGGAAAACTGTAAAAGTTAARGTWATWDGAGTTGATTATACAAAAGGATATATAGATGTCAATTAC,0,100 nmol
5,E1,k3l_fwd_14-10_AGA-AYA,TAGGGAAAACTGTAAAAGTTAARGTWATWAYAGTTGATTATACAAAAGGATATATAGATGTCAATTAC,0,100 nmol
5,E2,k3l_fwd_14-11_AGA-AGY,TAGGGAAAACTGTAAAAGTTAARGTWATWAGYGTTGATTATACAAAAGGATATATAGATGTCAATTAC,0,100 nmol
5,E3,k3l_fwd_15-1_GTT-HTT,TAAAAGTTAAAGTGATTAGAHTTGAYTAYACWAAAGGATATATAGATGTCAATTACAAAAGGATG,0,100 nmol
5,E4,k3l_fwd_15-2_GTT-GMT,TAAAAGTTAAAGTGATTAGAGMTGAYTAYACWAAAGGATATATAGATGTCAATTACAAAAGGATG,0,100 nmol
5,E5,k3l_fwd_15-3_GAT-HAT,TAAAAGTTAAAGTGATTAGAGTWHATTAYACWAAAGGATATATAGATGTCAATTACAAAAGGATG,0,100 nmol
5,E6,k3l_fwd_15-4_GAT-GYT,TAAAAGTTAAAGTGATTAGAGTWGYTTAYACWAAAGGATATATAGATGTCAATTACAAAAGGATG,0,100 nmol
5,E7,k3l_fwd_15-5_TAT-VAT,TAAAAGTTAAAGTGATTAGAGTWGAYVATACWAAAGGATATATAGATGTCAATTACAAAAGGATG,0,100 nmol
5,E8,k3l_fwd_15-6_TAT-TST,TAAAAGTTAAAGTGATTAGAGTWGAYTSTACWAAAGGATATATAGATGTCAATTACAAAAGGATG,0,100 nmol
5,E9,k3l_fwd_15-7_TAT-TAK,TAAAAGTTAAAGTGATTAGAGTWGAYTAKACWAAAGGATATATAGATGTCAATTACAAAAGGATG,0,100 nmol
5,E10,k3l_fwd_15-8_ACA-BCA,TAAAAGTTAAAGTGATTAGAGTWGAYTAYBCAAAAGGATATATAGATGTCAATTACAAAAGGATG,0,100 nmol
5,E11,k3l_fwd_15-9_ACA-AKA,TAAAAGTTAAAGTGATTAGAGTWGAYTAYAKAAAAGGATATATAGATGTCAATTACAAAAGGATG,0,100 nmol
5,E12,pkr_w1_fwd_2-1_AAG-BAG,aaacaaagtatactgtggacBAGAGRTTYGGWatggattttaaagaaatagaattaattggctcag,0,100 nmol
5,F1,pkr_w1_fwd_2-2_AAG-ABG,aaacaaagtatactgtggacABGAGRTTYGGWatggattttaaagaaatagaattaattggctcag,0,100 nmol
5,F2,pkr_w1_fwd_2-3_AAG-AAY,aaacaaagtatactgtggacAAYAGRTTYGGWatggattttaaagaaatagaattaattggctcag,0,100 nmol
5,F3,pkr_w1_fwd_2-4_AGG-DGG,aaacaaagtatactgtggacAARDGGTTYGGWatggattttaaagaaatagaattaattggctcag,0,100 nmol
5,F4,pkr_w1_fwd_2-5_AGG-AYG,aaacaaagtatactgtggacAARAYGTTYGGWatggattttaaagaaatagaattaattggctcag,0,100 nmol
5,F5,pkr_w1_fwd_2-6_AGG-AGY,aaacaaagtatactgtggacAARAGYTTYGGWatggattttaaagaaatagaattaattggctcag,0,100 nmol
5,F6,pkr_w1_fwd_2-7_TTT-VTT,aaacaaagtatactgtggacAARAGRVTTGGWatggattttaaagaaatagaattaattggctcag,0,100 nmol
5,F7,pkr_w1_fwd_2-8_TTT-TVT,aaacaaagtatactgtggacAARAGRTVTGGWatggattttaaagaaatagaattaattggctcag,0,100 nmol
5,F8,pkr_w1_fwd_2-9_TTT-TTD,aaacaaagtatactgtggacAARAGRTTDGGWatggattttaaagaaatagaattaattggctcag,0,100 nmol
5,F9,pkr_w1_fwd_2-10_GGC-HGC,aaacaaagtatactgtggacAARAGRTTYHGCatggattttaaagaaatagaattaattggctcag,0,100 nmol
5,F10,pkr_w1_fwd_2-11_GGC-GHC,aaacaaagtatactgtggacAARAGRTTYGHCatggattttaaagaaatagaattaattggctcag,0,100 nmol
5,F11,pkr_w4_fwd_4-1_CTA-VTA,catcaaagtttttcacagacVTAAGRGAYGGWatcatctcagatatatttgataaaaaagaaaaaactcttc,0,100 nmol
5,F12,pkr_w4_fwd_4-2_CTA-CRA,catcaaagtttttcacagacCRAAGRGAYGGWatcatctcagatatatttgataaaaaagaaaaaactcttc,0,100 nmol
5,G1,pkr_w4_fwd_4-3_CGG-BGG,catcaaagtttttcacagacTTRBGGGAYGGWatcatctcagatatatttgataaaaaagaaaaaactcttc,0,100 nmol
5,G2,pkr_w4_fwd_4-4_CGG-CWG,catcaaagtttttcacagacTTRCWGGAYGGWatcatctcagatatatttgataaaaaagaaaaaactcttc,0,100 nmol
5,G3,pkr_w4_fwd_4-5_GAT-HAT,catcaaagtttttcacagacTTRAGRHATGGWatcatctcagatatatttgataaaaaagaaaaaactcttc,0,100 nmol
5,G4,pkr_w4_fwd_4-6_GAT-GYT,catcaaagtttttcacagacTTRAGRGYTGGWatcatctcagatatatttgataaaaaagaaaaaactcttc,0,100 nmol
5,G5,pkr_w4_fwd_4-7_GGC-HGC,catcaaagtttttcacagacTTRAGRGAYHGCatcatctcagatatatttgataaaaaagaaaaaactcttc,0,100 nmol
5,G6,pkr_w4_fwd_4-8_GGC-GHC,catcaaagtttttcacagacTTRAGRGAYGHCatcatctcagatatatttgataaaaaagaaaaaactcttc,0,100 nmol
5,G7,pkr_w4_fwd_5-1_ATC-BTC,tcacagacctacgggatggcBTCATWTCWGAYATWtttgataaaaaagaaaaaactcttctacag,0,100 nmol
5,G8,pkr_w4_fwd_5-2_ATC-ASC,tcacagacctacgggatggcASCATWTCWGAYATWtttgataaaaaagaaaaaactcttctacag,0,100 nmol
5,G9,pkr_w4_fwd_5-3_ATC-ATG,tcacagacctacgggatggcATGATWTCWGAYATWtttgataaaaaagaaaaaactcttctacag,0,100 nmol
5,G10,pkr_w4_fwd_5-4_ATC-BTC,tcacagacctacgggatggcATWBTCTCWGAYATWtttgataaaaaagaaaaaactcttctacag,0,100 nmol
5,G11,pkr_w4_fwd_5-5_ATC-ASC,tcacagacctacgggatggcATWASCTCWGAYATWtttgataaaaaagaaaaaactcttctacag,0,100 nmol
5,G12,pkr_w4_fwd_5-6_ATC-ATG,tcacagacctacgggatggcATWATGTCWGAYATWtttgataaaaaagaaaaaactcttctacag,0,100 nmol
5,H1,pkr_w4_fwd_5-7_TCA-VCA,tcacagacctacgggatggcATWATWVCAGAYATWtttgataaaaaagaaaaaactcttctacag,0,100 nmol
5,H2,pkr_w4_fwd_5-8_TCA-TRA,tcacagacctacgggatggcATWATWTRAGAYATWtttgataaaaaagaaaaaactcttctacag,0,100 nmol
5,H3,pkr_w4_fwd_5-9_GAT-HAT,tcacagacctacgggatggcATWATWTCWHATATWtttgataaaaaagaaaaaactcttctacag,0,100 nmol
5,H4,pkr_w4_fwd_5-10_GAT-GYT,tcacagacctacgggatggcATWATWTCWGYTATWtttgataaaaaagaaaaaactcttctacag,0,100 nmol
5,H5,pkr_w4_fwd_5-11_ATA-BTA,tcacagacctacgggatggcATWATWTCWGAYBTAtttgataaaaaagaaaaaactcttctacag,0,100 nmol
5,H6,pkr_w4_fwd_5-12_ATA-ASA,tcacagacctacgggatggcATWATWTCWGAYASAtttgataaaaaagaaaaaactcttctacag,0,100 nmol
5,H7,pkr_w4_fwd_5-13_ATA-ATR,tcacagacctacgggatggcATWATWTCWGAYATRtttgataaaaaagaaaaaactcttctacag,0,100 nmol