,codon,aa,mis_var,H,K,R,D,E,C,M,N,Q,S,T,A,I,L,V,F,W,Y,G,P,STOP,variant_sum,Within 5Ã…
1,ATG,M,"['L', 'V', 'L', 'T', 'R', 'I']",,,,,,,2.0,,,,,,,,,,,,,,,0.0,
2,CTT,L,"['I', 'V', 'F', 'H', 'R']",1.0,,1.0,,,,,,,,,,1.0,2.0,1.0,1.0,,,,,,5.0,
3,GCA,A,"['T', 'P', 'S', 'E', 'V']",,,,,1.0,,,,,1.0,1.0,2.0,,,1.0,,,,,1.0,,5.0,
4,TTT,F,"['I', 'L', 'V', 'Y', 'S', 'C', 'L', 'L']",,,,,,1.0,,,,1.0,,,1.0,1.0,1.0,2.0,,1.0,,,,6.0,
5,TGT,C,"['S', 'R', 'G', 'Y', 'S', '*']",,,1.0,,,2.0,,,,1.0,,,,,,,,1.0,1.0,,0.0,5.0,
6,TAT,Y,"['N', 'H', 'D', 'S', 'C', '*']",1.0,,,1.0,,1.0,,1.0,,1.0,,,,,,,,2.0,,,0.0,6.0,
7,TCG,S,"['T', 'P', 'A', '*', 'W']",,,,,,,,,,2.0,1.0,1.0,,,,,1.0,,,1.0,0.0,5.0,
8,TTG,L,"['M', 'V', '*', 'S', 'W', 'F']",,,,,,,1.0,,,1.0,,,,2.0,1.0,1.0,1.0,,,,0.0,6.0,
9,CCC,P,"['T', 'A', 'S', 'H', 'R', 'L']",1.0,,1.0,,,,,,,1.0,1.0,1.0,,1.0,,,,,,2.0,,6.0,
10,AAT,N,"['H', 'D', 'Y', 'T', 'S', 'I', 'K']",1.0,1.0,,1.0,,,,2.0,,1.0,1.0,,1.0,,,,,1.0,,,,7.0,
11,GCG,A,"['T', 'P', 'S', 'E', 'V']",,,,,1.0,,,,,1.0,1.0,2.0,,,1.0,,,,,1.0,,5.0,
12,GGT,G,"['S', 'R', 'C', 'D', 'A', 'V']",,,1.0,1.0,,1.0,,,,1.0,,1.0,,,1.0,,,,2.0,,,6.0,
13,GAT,D,"['N', 'H', 'Y', 'A', 'V']",1.0,,,2.0,,,,1.0,,,,1.0,,,1.0,,,1.0,,,,5.0,
14,GTA,V,"['I', 'L', 'L', 'E', 'A']",,,,,1.0,,,,,,,1.0,1.0,1.0,2.0,,,,,,,4.0,
15,ATA,I,"['L', 'V', 'L', 'T', 'R', 'M']",,,1.0,,,,1.0,,,,1.0,,2.0,1.0,1.0,,,,,,,5.0,
16,AAG,K,"['Q', 'E', '*', 'T', 'R', 'M', 'N', 'N']",,2.0,1.0,,1.0,,1.0,1.0,1.0,,1.0,,,,,,,,,,0.0,7.0,
17,GGC,G,"['S', 'R', 'C', 'D', 'A', 'V']",,,1.0,1.0,,1.0,,,,1.0,,1.0,,,1.0,,,,2.0,,,6.0,
18,AGA,R,"['G', '*', 'T', 'I', 'S', 'S']",,,2.0,,,,,,,1.0,1.0,,1.0,,,,,,1.0,,0.0,5.0,
19,GTA,V,"['I', 'L', 'L', 'E', 'A']",,,,,1.0,,,,,,,1.0,1.0,1.0,2.0,,,,,,,4.0,
20,TAC,Y,"['N', 'H', 'D', 'S', 'C', '*']",1.0,,,1.0,,1.0,,1.0,,1.0,,,,,,,,2.0,,,0.0,6.0,
21,GAG,E,"['K', 'Q', '*', 'A', 'V', 'D', 'D']",,1.0,,1.0,2.0,,,,1.0,,,1.0,,,1.0,,,,,,0.0,6.0,
22,AAG,K,"['Q', 'E', '*', 'T', 'R', 'M', 'N', 'N']",,2.0,1.0,,1.0,,1.0,1.0,1.0,,1.0,,,,,,,,,,0.0,7.0,
23,GAT,D,"['N', 'H', 'Y', 'A', 'V']",1.0,,,2.0,,,,1.0,,,,1.0,,,1.0,,,1.0,,,,5.0,3.0
24,TAT,Y,"['N', 'H', 'D', 'S', 'C', '*']",1.0,,,1.0,,1.0,,1.0,,1.0,,,,,,,,2.0,,,0.0,6.0,3.0
25,GCT,A,"['T', 'P', 'S', 'D', 'V']",,,,1.0,,,,,,1.0,1.0,2.0,,,1.0,,,,,1.0,,5.0,3.0
26,CTA,L,"['I', 'V', 'Q', 'R']",,,1.0,,,,,,1.0,,,,1.0,2.0,1.0,,,,,,,4.0,3.0
27,TAT,Y,"['N', 'H', 'D', 'S', 'C', '*']",1.0,,,1.0,,1.0,,1.0,,1.0,,,,,,,,2.0,,,0.0,6.0,
28,ATT,I,"['L', 'V', 'F', 'T', 'S', 'M']",,,,,,,1.0,,,1.0,1.0,,2.0,1.0,1.0,1.0,,,,,,6.0,3.0
29,TAT,Y,"['N', 'H', 'D', 'S', 'C', '*']",1.0,,,1.0,,1.0,,1.0,,1.0,,,,,,,,2.0,,,0.0,6.0,
30,CTT,L,"['I', 'V', 'F', 'H', 'R']",1.0,,1.0,,,,,,,,,,1.0,2.0,1.0,1.0,,,,,,5.0,
31,TTT,F,"['I', 'L', 'V', 'Y', 'S', 'C', 'L', 'L']",,,,,,1.0,,,,1.0,,,1.0,1.0,1.0,2.0,,1.0,,,,6.0,
32,GAC,D,"['N', 'H', 'Y', 'A', 'V']",1.0,,,2.0,,,,1.0,,,,1.0,,,1.0,,,1.0,,,,5.0,
33,TAT,Y,"['N', 'H', 'D', 'S', 'C', '*']",1.0,,,1.0,,1.0,,1.0,,1.0,,,,,,,,2.0,,,0.0,6.0,
34,CCT,P,"['T', 'A', 'S', 'H', 'R', 'L']",1.0,,1.0,,,,,,,1.0,1.0,1.0,,1.0,,,,,,2.0,,6.0,
35,CAC,H,"['N', 'D', 'Y', 'R', 'L', 'Q']",2.0,,1.0,1.0,,,,1.0,1.0,,,,,1.0,,,,1.0,,,,6.0,
36,TTT,F,"['I', 'L', 'V', 'Y', 'S', 'C', 'L', 'L']",,,,,,1.0,,,,1.0,,,1.0,1.0,1.0,2.0,,1.0,,,,6.0,
37,GAA,E,"['K', 'Q', '*', 'A', 'V', 'D', 'D']",,1.0,,1.0,2.0,,,,1.0,,,1.0,,,1.0,,,,,,0.0,6.0,3.0
38,GCT,A,"['T', 'P', 'S', 'D', 'V']",,,,1.0,,,,,,1.0,1.0,2.0,,,1.0,,,,,1.0,,5.0,3.0
39,ATC,I,"['L', 'V', 'F', 'T', 'S', 'M']",,,,,,,1.0,,,1.0,1.0,,2.0,1.0,1.0,1.0,,,,,,6.0,3.0
40,TTG,L,"['M', 'V', '*', 'S', 'W', 'F']",,,,,,,1.0,,,1.0,,,,2.0,1.0,1.0,1.0,,,,0.0,6.0,3.0
41,GCA,A,"['T', 'P', 'S', 'E', 'V']",,,,,1.0,,,,,1.0,1.0,2.0,,,1.0,,,,,1.0,,5.0,
42,GAG,E,"['K', 'Q', '*', 'A', 'V', 'D', 'D']",,1.0,,1.0,2.0,,,,1.0,,,1.0,,,1.0,,,,,,0.0,6.0,3.0
43,AGT,S,"['R', 'G', 'C', 'T', 'I']",,,1.0,,,1.0,,,,2.0,1.0,,1.0,,,,,,1.0,,,5.0,
44,GTT,V,"['I', 'L', 'F', 'D', 'A']",,,,1.0,,,,,,,,1.0,1.0,1.0,2.0,1.0,,,,,,5.0,
45,AAG,K,"['Q', 'E', '*', 'T', 'R', 'M', 'N', 'N']",,2.0,1.0,,1.0,,1.0,1.0,1.0,,1.0,,,,,,,,,,0.0,7.0,3.0
46,ATG,M,"['L', 'V', 'L', 'T', 'R', 'I']",,,1.0,,,,2.0,,,,1.0,,1.0,1.0,1.0,,,,,,,5.0,3.0
47,CAT,H,"['N', 'D', 'Y', 'R', 'L', 'Q']",2.0,,1.0,1.0,,,,1.0,1.0,,,,,1.0,,,,1.0,,,,6.0,3.0
48,ATG,M,"['L', 'V', 'L', 'T', 'R', 'I']",,,1.0,,,,2.0,,,,1.0,,1.0,1.0,1.0,,,,,,,5.0,3.0
49,GAT,D,"['N', 'H', 'Y', 'A', 'V']",1.0,,,2.0,,,,1.0,,,,1.0,,,1.0,,,1.0,,,,5.0,3.0
50,AGA,R,"['G', '*', 'T', 'I', 'S', 'S']",,,2.0,,,,,,,1.0,1.0,,1.0,,,,,,1.0,,0.0,5.0,3.0
51,TAT,Y,"['N', 'H', 'D', 'S', 'C', '*']",1.0,,,1.0,,1.0,,1.0,,1.0,,,,,,,,2.0,,,0.0,6.0,3.0
52,GTT,V,"['I', 'L', 'F', 'D', 'A']",,,,1.0,,,,,,,,1.0,1.0,1.0,2.0,1.0,,,,,,5.0,
53,GAA,E,"['K', 'Q', '*', 'A', 'V', 'D', 'D']",,1.0,,1.0,2.0,,,,1.0,,,1.0,,,1.0,,,,,,0.0,6.0,
54,TAT,Y,"['N', 'H', 'D', 'S', 'C', '*']",1.0,,,1.0,,1.0,,1.0,,1.0,,,,,,,,2.0,,,0.0,6.0,3.0
55,AGG,R,"['G', 'W', 'T', 'M', 'S', 'S']",,,2.0,,,,1.0,,,1.0,1.0,,,,,,1.0,,1.0,,,5.0,
56,GAT,D,"['N', 'H', 'Y', 'A', 'V']",1.0,,,2.0,,,,1.0,,,,1.0,,,1.0,,,1.0,,,,5.0,
57,AAA,K,"['Q', 'E', '*', 'T', 'R', 'I', 'N', 'N']",,2.0,1.0,,1.0,,,1.0,1.0,,1.0,,1.0,,,,,,,,0.0,7.0,
58,CTG,L,"['M', 'V', 'Q', 'R']",,,1.0,,,,1.0,,1.0,,,,,2.0,1.0,,,,,,,4.0,
59,GTA,V,"['I', 'L', 'L', 'E', 'A']",,,,,1.0,,,,,,,1.0,1.0,1.0,2.0,,,,,,,4.0,
60,GGG,G,"['R', 'R', 'W', 'E', 'A', 'V']",,,1.0,,1.0,,,,,,,1.0,,,1.0,,1.0,,2.0,,,5.0,
61,AAA,K,"['Q', 'E', '*', 'T', 'R', 'I', 'N', 'N']",,2.0,1.0,,1.0,,,1.0,1.0,,1.0,,1.0,,,,,,,,0.0,7.0,
62,ACT,T,"['P', 'A', 'S', 'S', 'I']",,,,,,,,,,1.0,2.0,1.0,1.0,,,,,,,1.0,,4.0,
63,GTA,V,"['I', 'L', 'L', 'E', 'A']",,,,,1.0,,,,,,,1.0,1.0,1.0,2.0,,,,,,,4.0,
64,AAA,K,"['Q', 'E', '*', 'T', 'R', 'I', 'N', 'N']",,2.0,1.0,,1.0,,,1.0,1.0,,1.0,,1.0,,,,,,,,0.0,7.0,
65,GTT,V,"['I', 'L', 'F', 'D', 'A']",,,,1.0,,,,,,,,1.0,1.0,1.0,2.0,1.0,,,,,,5.0,
66,AAA,K,"['Q', 'E', '*', 'T', 'R', 'I', 'N', 'N']",,2.0,1.0,,1.0,,,1.0,1.0,,1.0,,1.0,,,,,,,,0.0,7.0,
67,GTG,V,"['M', 'L', 'L', 'E', 'A']",,,,,1.0,,1.0,,,,,1.0,,1.0,2.0,,,,,,,4.0,
68,ATT,I,"['L', 'V', 'F', 'T', 'S', 'M']",,,,,,,1.0,,,1.0,1.0,,2.0,1.0,1.0,1.0,,,,,,6.0,
69,AGA,R,"['G', '*', 'T', 'I', 'S', 'S']",,,2.0,,,,,,,1.0,1.0,,1.0,,,,,,1.0,,0.0,5.0,
70,GTT,V,"['I', 'L', 'F', 'D', 'A']",,,,1.0,,,,,,,,1.0,1.0,1.0,2.0,1.0,,,,,,5.0,3.0
71,GAT,D,"['N', 'H', 'Y', 'A', 'V']",1.0,,,2.0,,,,1.0,,,,1.0,,,1.0,,,1.0,,,,5.0,3.0
72,TAT,Y,"['N', 'H', 'D', 'S', 'C', '*']",1.0,,,1.0,,1.0,,1.0,,1.0,,,,,,,,2.0,,,0.0,6.0,3.0
73,ACA,T,"['P', 'A', 'S', 'R', 'I']",,,1.0,,,,,,,1.0,2.0,1.0,1.0,,,,,,,1.0,,5.0,
74,AAA,K,"['Q', 'E', '*', 'T', 'R', 'I', 'N', 'N']",,2.0,1.0,,1.0,,,1.0,1.0,,1.0,,1.0,,,,,,,,0.0,7.0,
75,GGA,G,"['R', 'R', '*', 'E', 'A', 'V']",,,1.0,,1.0,,,,,,,1.0,,,1.0,,,,2.0,,0.0,5.0,
76,TAT,Y,"['N', 'H', 'D', 'S', 'C', '*']",1.0,,,1.0,,1.0,,1.0,,1.0,,,,,,,,2.0,,,0.0,6.0,3.0
77,ATA,I,"['L', 'V', 'L', 'T', 'R', 'M']",,,1.0,,,,1.0,,,,1.0,,2.0,1.0,1.0,,,,,,,5.0,3.0
78,GAT,D,"['N', 'H', 'Y', 'A', 'V']",1.0,,,2.0,,,,1.0,,,,1.0,,,1.0,,,1.0,,,,5.0,3.0
79,GTC,V,"['I', 'L', 'F', 'D', 'A']",,,,1.0,,,,,,,,1.0,1.0,1.0,2.0,1.0,,,,,,5.0,3.0
80,AAT,N,"['H', 'D', 'Y', 'T', 'S', 'I', 'K']",1.0,1.0,,1.0,,,,2.0,,1.0,1.0,,1.0,,,,,1.0,,,,7.0,
81,TAC,Y,"['N', 'H', 'D', 'S', 'C', '*']",1.0,,,1.0,,1.0,,1.0,,1.0,,,,,,,,2.0,,,0.0,6.0,
82,AAA,K,"['Q', 'E', '*', 'T', 'R', 'I', 'N', 'N']",,2.0,1.0,,1.0,,,1.0,1.0,,1.0,,1.0,,,,,,,,0.0,7.0,
83,AGG,R,"['G', 'W', 'T', 'M', 'S', 'S']",,,2.0,,,,1.0,,,1.0,1.0,,,,,,1.0,,1.0,,,5.0,
84,ATG,M,"['L', 'V', 'L', 'T', 'R', 'I']",,,1.0,,,,2.0,,,,1.0,,1.0,1.0,1.0,,,,,,,5.0,
85,TGT,C,"['S', 'R', 'G', 'Y', 'S', '*']",,,1.0,,,2.0,,,,1.0,,,,,,,,1.0,1.0,,0.0,5.0,
86,AGA,R,"['G', '*', 'T', 'I', 'S', 'S']",,,2.0,,,,,,,1.0,1.0,,1.0,,,,,,1.0,,0.0,5.0,
87,CAT,H,"['N', 'D', 'Y', 'R', 'L', 'Q']",2.0,,1.0,1.0,,,,1.0,1.0,,,,,1.0,,,,1.0,,,,6.0,
88,CAA,Q,"['K', 'E', '*', 'R', 'L', 'H']",1.0,1.0,1.0,,1.0,,,,2.0,,,,,1.0,,,,,,,0.0,6.0,
89,TAG,*,"['K', 'Q', 'E', 'S', 'W', 'Y']",,,,,,,,,,,,,,,,,,,,,2.0,0.0,
